-- phpMyAdmin SQL Dump
-- version 5.1.1
-- https://www.phpmyadmin.net/
--
-- Host: 127.0.0.1:3306
-- Generation Time: May 11, 2022 at 09:18 PM
-- Server version: 5.7.36
-- PHP Version: 8.0.13

SET SQL_MODE = "NO_AUTO_VALUE_ON_ZERO";
START TRANSACTION;
SET time_zone = "+00:00";


/*!40101 SET @OLD_CHARACTER_SET_CLIENT=@@CHARACTER_SET_CLIENT */;
/*!40101 SET @OLD_CHARACTER_SET_RESULTS=@@CHARACTER_SET_RESULTS */;
/*!40101 SET @OLD_COLLATION_CONNECTION=@@COLLATION_CONNECTION */;
/*!40101 SET NAMES utf8mb4 */;

--
-- Database: `iec_bg`
--

-- --------------------------------------------------------

--
-- Table structure for table `action_events`
--

DROP TABLE IF EXISTS `action_events`;
CREATE TABLE IF NOT EXISTS `action_events` (
  `id` bigint(20) UNSIGNED NOT NULL AUTO_INCREMENT,
  `batch_id` char(36) COLLATE utf8mb4_unicode_ci NOT NULL,
  `user_id` bigint(20) UNSIGNED NOT NULL,
  `name` varchar(191) COLLATE utf8mb4_unicode_ci NOT NULL,
  `actionable_type` varchar(191) COLLATE utf8mb4_unicode_ci NOT NULL,
  `actionable_id` bigint(20) UNSIGNED NOT NULL,
  `target_type` varchar(191) COLLATE utf8mb4_unicode_ci NOT NULL,
  `target_id` bigint(20) UNSIGNED NOT NULL,
  `model_type` varchar(191) COLLATE utf8mb4_unicode_ci NOT NULL,
  `model_id` bigint(20) UNSIGNED DEFAULT NULL,
  `fields` text COLLATE utf8mb4_unicode_ci NOT NULL,
  `status` varchar(25) COLLATE utf8mb4_unicode_ci NOT NULL DEFAULT 'running',
  `exception` text COLLATE utf8mb4_unicode_ci NOT NULL,
  `created_at` timestamp NULL DEFAULT NULL,
  `updated_at` timestamp NULL DEFAULT NULL,
  `original` mediumtext COLLATE utf8mb4_unicode_ci,
  `changes` mediumtext COLLATE utf8mb4_unicode_ci,
  PRIMARY KEY (`id`),
  KEY `action_events_actionable_type_actionable_id_index` (`actionable_type`,`actionable_id`),
  KEY `action_events_batch_id_model_type_model_id_index` (`batch_id`,`model_type`,`model_id`),
  KEY `action_events_user_id_index` (`user_id`)
) ENGINE=MyISAM AUTO_INCREMENT=503 DEFAULT CHARSET=utf8mb4 COLLATE=utf8mb4_unicode_ci;

--
-- Dumping data for table `action_events`
--

INSERT INTO `action_events` (`id`, `batch_id`, `user_id`, `name`, `actionable_type`, `actionable_id`, `target_type`, `target_id`, `model_type`, `model_id`, `fields`, `status`, `exception`, `created_at`, `updated_at`, `original`, `changes`) VALUES
(1, '92fb662f-b249-4bf7-b185-89002cc6ba34', 1, 'Create', 'App\\Models\\Indicator', 1, 'App\\Models\\Indicator', 1, 'App\\Models\\Indicator', 1, '', 'finished', '', '2021-03-18 15:21:28', '2021-03-18 15:21:28', NULL, '{\"name\":\"Chiffre d\'Affaire\",\"code\":\"ca\",\"updated_at\":\"2021-03-18T16:21:28.000000Z\",\"created_at\":\"2021-03-18T16:21:28.000000Z\",\"id\":1}'),
(2, '92fb663c-39aa-4fbf-9b55-c14d524f213b', 1, 'Update', 'App\\Models\\Indicator', 1, 'App\\Models\\Indicator', 1, 'App\\Models\\Indicator', 1, '', 'finished', '', '2021-03-18 15:21:36', '2021-03-18 15:21:36', '[]', '[]'),
(3, '92fb6667-d232-4bf9-99a9-8178ff408369', 1, 'Create', 'App\\Models\\Indicator', 2, 'App\\Models\\Indicator', 2, 'App\\Models\\Indicator', 2, '', 'finished', '', '2021-03-18 15:22:05', '2021-03-18 15:22:05', NULL, '{\"name\":\"Nombre d\'employ\\u00e9s\",\"code\":\"nb_workers\",\"updated_at\":\"2021-03-18T16:22:05.000000Z\",\"created_at\":\"2021-03-18T16:22:05.000000Z\",\"id\":2}'),
(4, '92fb667f-53a9-483c-89f0-ae9acbc2cd13', 1, 'Create', 'App\\Models\\Indicator', 3, 'App\\Models\\Indicator', 3, 'App\\Models\\Indicator', 3, '', 'finished', '', '2021-03-18 15:22:20', '2021-03-18 15:22:20', NULL, '{\"name\":\"Part du March\\u00e9\",\"code\":\"market_share\",\"updated_at\":\"2021-03-18T16:22:20.000000Z\",\"created_at\":\"2021-03-18T16:22:20.000000Z\",\"id\":3}'),
(5, '92ffdf9b-8436-4dff-9135-3a3df21e26f7', 1, 'Create', 'App\\Models\\Department', 1, 'App\\Models\\Department', 1, 'App\\Models\\Department', 1, '', 'finished', '', '2021-03-20 20:44:18', '2021-03-20 20:44:18', NULL, '{\"name\":\"Production\",\"starting_worker_nb\":\"5\",\"updated_at\":\"2021-03-20T21:44:18.000000Z\",\"created_at\":\"2021-03-20T21:44:18.000000Z\",\"id\":1}'),
(6, '92ffed8a-ac28-4ee1-86c6-513151b2f2f8', 1, 'Update', 'App\\Models\\Department', 1, 'App\\Models\\Department', 1, 'App\\Models\\Department', 1, '', 'finished', '', '2021-03-20 21:23:16', '2021-03-20 21:23:16', '{\"icon\":null}', '{\"icon\":\"fa-industry\"}'),
(7, '92ffedb6-0390-4372-928f-a092a4874c6a', 1, 'Create', 'App\\Models\\Department', 2, 'App\\Models\\Department', 2, 'App\\Models\\Department', 2, '', 'finished', '', '2021-03-20 21:23:44', '2021-03-20 21:23:44', NULL, '{\"name\":\"Approvisionnement\",\"icon\":\"fa-box-open\",\"starting_worker_nb\":\"2\",\"updated_at\":\"2021-03-20T22:23:44.000000Z\",\"created_at\":\"2021-03-20T22:23:44.000000Z\",\"id\":2}'),
(8, '92ffedcc-3088-405a-bf20-df318c0dc7a7', 1, 'Create', 'App\\Models\\Department', 3, 'App\\Models\\Department', 3, 'App\\Models\\Department', 3, '', 'finished', '', '2021-03-20 21:23:58', '2021-03-20 21:23:58', NULL, '{\"name\":\"Marketing\",\"icon\":\"fa-ad\",\"starting_worker_nb\":\"5\",\"updated_at\":\"2021-03-20T22:23:58.000000Z\",\"created_at\":\"2021-03-20T22:23:58.000000Z\",\"id\":3}'),
(9, '92ffee42-535d-426a-a86c-d9a03bf0542a', 1, 'Create', 'App\\Models\\Department', 4, 'App\\Models\\Department', 4, 'App\\Models\\Department', 4, '', 'finished', '', '2021-03-20 21:25:16', '2021-03-20 21:25:16', NULL, '{\"name\":\"Finance\",\"icon\":\"fa-file-invoice-dollar\",\"starting_worker_nb\":\"3\",\"updated_at\":\"2021-03-20T22:25:16.000000Z\",\"created_at\":\"2021-03-20T22:25:16.000000Z\",\"id\":4}'),
(10, '92fff0d8-2e81-48ac-bab4-5f675c9dbbc9', 1, 'Create', 'App\\Models\\Department', 5, 'App\\Models\\Department', 5, 'App\\Models\\Department', 5, '', 'finished', '', '2021-03-20 21:32:30', '2021-03-20 21:32:30', NULL, '{\"name\":\"RH\",\"icon\":\"fa-users\",\"starting_worker_nb\":\"2\",\"updated_at\":\"2021-03-20T22:32:30.000000Z\",\"created_at\":\"2021-03-20T22:32:30.000000Z\",\"id\":5}'),
(11, '9301324c-654b-44bf-808d-e1ecabfe56c6', 1, 'Create', 'App\\Models\\RawMaterial', 1, 'App\\Models\\RawMaterial', 1, 'App\\Models\\RawMaterial', 1, '', 'finished', '', '2021-03-21 12:31:21', '2021-03-21 12:31:21', NULL, '{\"name\":\"Amoxycyline\",\"unit\":\"g\",\"price\":\"10\",\"updated_at\":\"2021-03-21T13:31:21.000000Z\",\"created_at\":\"2021-03-21T13:31:21.000000Z\",\"id\":1}'),
(12, '93013271-d651-4556-beb6-047213419592', 1, 'Create', 'App\\Models\\RawMaterial', 2, 'App\\Models\\RawMaterial', 2, 'App\\Models\\RawMaterial', 2, '', 'finished', '', '2021-03-21 12:31:45', '2021-03-21 12:31:45', NULL, '{\"name\":\"Metaph\\u00e9tamine\",\"unit\":\"g\",\"price\":\"15\",\"updated_at\":\"2021-03-21T13:31:45.000000Z\",\"created_at\":\"2021-03-21T13:31:45.000000Z\",\"id\":2}'),
(13, '930132a4-3685-4582-b5d9-3b126947ebeb', 1, 'Create', 'App\\Models\\RawMaterial', 3, 'App\\Models\\RawMaterial', 3, 'App\\Models\\RawMaterial', 3, '', 'finished', '', '2021-03-21 12:32:18', '2021-03-21 12:32:18', NULL, '{\"name\":\"Ramoxyciline\",\"unit\":\"cl\",\"price\":\"5.2\",\"updated_at\":\"2021-03-21T13:32:18.000000Z\",\"created_at\":\"2021-03-21T13:32:18.000000Z\",\"id\":3}'),
(14, '930132d2-ed3c-4376-b441-21bde3083441', 1, 'Create', 'App\\Models\\RawMaterial', 4, 'App\\Models\\RawMaterial', 4, 'App\\Models\\RawMaterial', 4, '', 'finished', '', '2021-03-21 12:32:49', '2021-03-21 12:32:49', NULL, '{\"name\":\"Principe Actif 1\",\"unit\":\"g\",\"price\":\"25\",\"updated_at\":\"2021-03-21T13:32:49.000000Z\",\"created_at\":\"2021-03-21T13:32:49.000000Z\",\"id\":4}'),
(15, '9301335c-5e1e-4883-9067-7c736fd0cfa9', 1, 'Create', 'App\\Models\\RawMaterial', 5, 'App\\Models\\RawMaterial', 5, 'App\\Models\\RawMaterial', 5, '', 'finished', '', '2021-03-21 12:34:19', '2021-03-21 12:34:19', NULL, '{\"name\":\"Principe Actif 2\",\"unit\":\"g\",\"price\":\"25\",\"updated_at\":\"2021-03-21T13:34:19.000000Z\",\"created_at\":\"2021-03-21T13:34:19.000000Z\",\"id\":5}'),
(16, '9301336d-d54b-4f02-b557-0039ab848f91', 1, 'Create', 'App\\Models\\Product', 1, 'App\\Models\\Product', 1, 'App\\Models\\Product', 1, '', 'finished', '', '2021-03-21 12:34:30', '2021-03-21 12:34:30', NULL, '{\"name\":\"Doliprane\",\"updated_at\":\"2021-03-21T13:34:30.000000Z\",\"created_at\":\"2021-03-21T13:34:30.000000Z\",\"id\":1}'),
(17, '93013379-b36c-4186-b70d-7fd3cbad355c', 1, 'Create', 'App\\Models\\Product', 2, 'App\\Models\\Product', 2, 'App\\Models\\Product', 2, '', 'finished', '', '2021-03-21 12:34:38', '2021-03-21 12:34:38', NULL, '{\"name\":\"Clamoxyle\",\"updated_at\":\"2021-03-21T13:34:38.000000Z\",\"created_at\":\"2021-03-21T13:34:38.000000Z\",\"id\":2}'),
(18, '93013386-4bb0-49e2-9904-7d5217ee2998', 1, 'Create', 'App\\Models\\Product', 3, 'App\\Models\\Product', 3, 'App\\Models\\Product', 3, '', 'finished', '', '2021-03-21 12:34:46', '2021-03-21 12:34:46', NULL, '{\"name\":\"B\\u00e9conase\",\"updated_at\":\"2021-03-21T13:34:46.000000Z\",\"created_at\":\"2021-03-21T13:34:46.000000Z\",\"id\":3}'),
(19, '9301338b-675c-44a1-9712-b9cf0b5c7d57', 1, 'Create', 'App\\Models\\Product', 4, 'App\\Models\\Product', 4, 'App\\Models\\Product', 4, '', 'finished', '', '2021-03-21 12:34:50', '2021-03-21 12:34:50', NULL, '{\"name\":\"Smecta\",\"updated_at\":\"2021-03-21T13:34:50.000000Z\",\"created_at\":\"2021-03-21T13:34:50.000000Z\",\"id\":4}'),
(20, '93020016-d158-47c9-a5a8-bb6a1eba3074', 1, 'Create', 'App\\Models\\User', 2, 'App\\Models\\User', 2, 'App\\Models\\User', 2, '', 'finished', '', '2021-03-21 22:06:47', '2021-03-21 22:06:47', NULL, '{\"name\":\"Manou\",\"email\":\"manou@iec.com\",\"type\":\"supplier\",\"updated_at\":\"2021-03-21T23:06:47.000000Z\",\"created_at\":\"2021-03-21T23:06:47.000000Z\",\"id\":2}'),
(21, '930202ff-addb-409a-9394-59729ab27e09', 1, 'Update', 'App\\Models\\User', 2, 'App\\Models\\User', 2, 'App\\Models\\User', 2, '', 'finished', '', '2021-03-21 22:14:55', '2021-03-21 22:14:55', '{\"rate\":null,\"ddl_min\":null,\"ddl_max\":null}', '{\"rate\":\"1.2\",\"ddl_min\":\"2\",\"ddl_max\":\"5\"}'),
(22, '9306138a-ce6d-4812-adbc-4e68baf533ac', 1, 'Create', 'App\\Models\\User', 3, 'App\\Models\\User', 3, 'App\\Models\\User', 3, '', 'finished', '', '2021-03-23 22:44:29', '2021-03-23 22:44:29', NULL, '{\"name\":\"IndusPharm\",\"email\":\"induspharm@iec.com\",\"rate\":\"3\",\"ddl_min\":\"4\",\"ddl_max\":\"8\",\"type\":\"supplier\",\"updated_at\":\"2021-03-23T23:44:29.000000Z\",\"created_at\":\"2021-03-23T23:44:29.000000Z\",\"id\":3}'),
(23, '9309c5dd-e8e0-4f88-a61a-1a5a1a057e58', 2, 'Create', 'App\\Models\\User', 4, 'App\\Models\\User', 4, 'App\\Models\\User', 4, '', 'finished', '', '2021-03-25 18:50:36', '2021-03-25 18:50:36', NULL, '{\"name\":\"AGB Agent\",\"email\":\"agb@iec.com\",\"type\":\"banker\",\"updated_at\":\"2021-03-25T19:50:36.000000Z\",\"created_at\":\"2021-03-25T19:50:36.000000Z\",\"id\":4}'),
(24, '9315198c-d07d-4d78-932b-e95b8bded727', 1, 'Update', 'App\\Models\\Product', 4, 'App\\Models\\Product', 4, 'App\\Models\\Product', 4, '', 'finished', '', '2021-03-31 09:58:42', '2021-03-31 09:58:42', '{\"price_min\":0,\"price_max\":null}', '{\"price_min\":\"10\",\"price_max\":\"100\"}'),
(25, '931519c1-da8b-4669-8f92-5cb99586e489', 1, 'Update', 'App\\Models\\Product', 1, 'App\\Models\\Product', 1, 'App\\Models\\Product', 1, '', 'finished', '', '2021-03-31 09:59:17', '2021-03-31 09:59:17', '{\"price_max\":null}', '{\"price_max\":\"12\"}'),
(26, '93153f7d-2056-4141-87dc-08636354c7c1', 1, 'Update', 'App\\Models\\Product', 1, 'App\\Models\\Product', 1, 'App\\Models\\Product', 1, '', 'finished', '', '2021-03-31 11:44:47', '2021-03-31 11:44:47', '{\"price_min\":0,\"price_max\":12}', '{\"price_min\":\"1\",\"price_max\":\"150\"}'),
(27, '93153f94-bea0-44ff-ab36-2897ccb9b55f', 1, 'Update', 'App\\Models\\Product', 2, 'App\\Models\\Product', 2, 'App\\Models\\Product', 2, '', 'finished', '', '2021-03-31 11:45:03', '2021-03-31 11:45:03', '{\"price_min\":0,\"price_max\":null}', '{\"price_min\":\"1\",\"price_max\":\"98\"}'),
(28, '93153fb8-2763-437e-8bf5-574672735984', 1, 'Update', 'App\\Models\\Product', 3, 'App\\Models\\Product', 3, 'App\\Models\\Product', 3, '', 'finished', '', '2021-03-31 11:45:26', '2021-03-31 11:45:26', '{\"price_min\":0,\"price_max\":null}', '{\"price_min\":\"30\",\"price_max\":\"60\"}'),
(29, '93154032-a372-4599-a258-500196d4c621', 1, 'Update', 'App\\Models\\Product', 3, 'App\\Models\\Product', 3, 'App\\Models\\Product', 3, '', 'finished', '', '2021-03-31 11:46:46', '2021-03-31 11:46:46', '{\"price_min\":30,\"price_max\":60}', '{\"price_min\":\"1\",\"price_max\":\"20\"}'),
(30, '93154624-e904-4892-b721-b91309910e3d', 1, 'Update', 'App\\Models\\Product', 1, 'App\\Models\\Product', 1, 'App\\Models\\Product', 1, '', 'finished', '', '2021-03-31 12:03:24', '2021-03-31 12:03:24', '{\"price_min\":1,\"price_max\":150}', '{\"price_min\":\"10\",\"price_max\":\"70\"}'),
(31, '931580bd-8390-406d-9853-ceff46cb7429', 1, 'Create', 'App\\Models\\Indicator', 4, 'App\\Models\\Indicator', 4, 'App\\Models\\Indicator', 4, '', 'finished', '', '2021-03-31 14:47:15', '2021-03-31 14:47:15', NULL, '{\"name\":\"Nombre Employ\\u00e9s - Production\",\"code\":\"nb_worker_prod\",\"updated_at\":\"2021-03-31T15:47:14.000000Z\",\"created_at\":\"2021-03-31T15:47:14.000000Z\",\"id\":4}'),
(32, '931580e4-4800-4ada-aa0a-ad50eafd3a60', 1, 'Create', 'App\\Models\\Indicator', 5, 'App\\Models\\Indicator', 5, 'App\\Models\\Indicator', 5, '', 'finished', '', '2021-03-31 14:47:40', '2021-03-31 14:47:40', NULL, '{\"name\":\"Capacit\\u00e9 de Production\",\"code\":\"prod_capacity\",\"updated_at\":\"2021-03-31T15:47:40.000000Z\",\"created_at\":\"2021-03-31T15:47:40.000000Z\",\"id\":5}'),
(33, '93178d8a-9216-49f9-b65d-d240d321d11b', 1, 'Create', 'App\\Models\\Indicator', 10, 'App\\Models\\Indicator', 10, 'App\\Models\\Indicator', 10, '', 'finished', '', '2021-04-01 15:14:42', '2021-04-01 15:14:42', NULL, '{\"name\":\"Taux de Rebut\",\"code\":\"reject_rate\",\"starting_value\":\"0.05\",\"is_financial\":false,\"updated_at\":\"2021-04-01T16:14:41.000000Z\",\"created_at\":\"2021-04-01T16:14:41.000000Z\",\"id\":10}'),
(34, '93178dd2-5dfd-480e-b41f-a7704ea76b0b', 1, 'Delete', 'App\\Models\\Indicator', 10, 'App\\Models\\Indicator', 10, 'App\\Models\\Indicator', 10, '', 'finished', '', '2021-04-01 15:15:29', '2021-04-01 15:15:29', NULL, NULL),
(35, '93178de7-5f28-4685-ada8-aeda961689a1', 1, 'Create', 'App\\Models\\Indicator', 11, 'App\\Models\\Indicator', 11, 'App\\Models\\Indicator', 11, '', 'finished', '', '2021-04-01 15:15:42', '2021-04-01 15:15:42', NULL, '{\"name\":\"Taux de Rebut\",\"code\":\"reject_rate\",\"starting_value\":\"0.05\",\"is_financial\":false,\"updated_at\":\"2021-04-01T16:15:42.000000Z\",\"created_at\":\"2021-04-01T16:15:42.000000Z\",\"id\":11}'),
(36, '93180b5e-38a3-47d8-af88-8c89019a33db', 1, 'Update', 'App\\Models\\Product', 1, 'App\\Models\\Product', 1, 'App\\Models\\Product', 1, '', 'finished', '', '2021-04-01 21:06:32', '2021-04-01 21:06:32', '{\"machine_units\":1,\"labor_units\":1}', '{\"machine_units\":\"2\",\"labor_units\":\"3\"}'),
(37, '93181592-53c8-4cf1-8683-115bda66973f', 1, 'Attach', 'App\\Models\\Product', 1, 'App\\Models\\RawMaterial', 1, 'Illuminate\\Database\\Eloquent\\Relations\\Pivot', NULL, '', 'finished', '', '2021-04-01 21:35:04', '2021-04-01 21:35:04', NULL, '{\"product_id\":\"1\",\"raw_material_id\":\"1\",\"quantity\":\"12\"}'),
(38, '931815a2-3f7c-4902-9e9a-f5bcc400bf8e', 1, 'Attach', 'App\\Models\\Product', 1, 'App\\Models\\RawMaterial', 4, 'Illuminate\\Database\\Eloquent\\Relations\\Pivot', NULL, '', 'finished', '', '2021-04-01 21:35:14', '2021-04-01 21:35:14', NULL, '{\"product_id\":\"1\",\"raw_material_id\":\"4\",\"quantity\":\"10\"}'),
(39, '931815b7-a783-4630-890f-0d9632e7595b', 1, 'Attach', 'App\\Models\\Product', 2, 'App\\Models\\RawMaterial', 3, 'Illuminate\\Database\\Eloquent\\Relations\\Pivot', NULL, '', 'finished', '', '2021-04-01 21:35:28', '2021-04-01 21:35:28', NULL, '{\"product_id\":\"2\",\"raw_material_id\":\"3\",\"quantity\":\"12\"}'),
(40, '931815c0-f4a2-43b7-9b82-4c0674a5c153', 1, 'Attach', 'App\\Models\\Product', 2, 'App\\Models\\RawMaterial', 2, 'Illuminate\\Database\\Eloquent\\Relations\\Pivot', NULL, '', 'finished', '', '2021-04-01 21:35:34', '2021-04-01 21:35:34', NULL, '{\"product_id\":\"2\",\"raw_material_id\":\"2\",\"quantity\":\"15\"}'),
(41, '931815e1-5bc5-4a6d-8517-c5056016560d', 1, 'Attach', 'App\\Models\\Product', 2, 'App\\Models\\RawMaterial', 1, 'Illuminate\\Database\\Eloquent\\Relations\\Pivot', NULL, '', 'finished', '', '2021-04-01 21:35:55', '2021-04-01 21:35:55', NULL, '{\"product_id\":\"2\",\"raw_material_id\":\"1\",\"quantity\":\"8\"}'),
(42, '93181642-0c24-4fd3-a884-e5ca6b595e41', 1, 'Update', 'App\\Models\\Product', 3, 'App\\Models\\Product', 3, 'App\\Models\\Product', 3, '', 'finished', '', '2021-04-01 21:36:59', '2021-04-01 21:36:59', '{\"labor_units\":1}', '{\"labor_units\":\"2\"}'),
(43, '9318164e-0ea4-438a-a21a-56e8fc8089bf', 1, 'Attach', 'App\\Models\\Product', 3, 'App\\Models\\RawMaterial', 1, 'Illuminate\\Database\\Eloquent\\Relations\\Pivot', NULL, '', 'finished', '', '2021-04-01 21:37:07', '2021-04-01 21:37:07', NULL, '{\"product_id\":\"3\",\"raw_material_id\":\"1\",\"quantity\":\"5\"}'),
(44, '93181666-d11e-4df3-9178-9e2afe04bc05', 1, 'Update', 'App\\Models\\Product', 4, 'App\\Models\\Product', 4, 'App\\Models\\Product', 4, '', 'finished', '', '2021-04-01 21:37:23', '2021-04-01 21:37:23', '{\"machine_units\":1,\"labor_units\":1}', '{\"machine_units\":\"2\",\"labor_units\":\"4\"}'),
(45, '93181674-dfeb-46c9-b7f6-3d37a15a54be', 1, 'Update Attached', 'App\\Models\\Product', 4, 'App\\Models\\RawMaterial', 4, 'Illuminate\\Database\\Eloquent\\Relations\\Pivot', NULL, '', 'finished', '', '2021-04-01 21:37:32', '2021-04-01 21:37:32', '{\"quantity\":null}', '{\"quantity\":\"5\"}'),
(46, '9318167f-a3e5-452e-8e69-8712d9708669', 1, 'Update Attached', 'App\\Models\\Product', 4, 'App\\Models\\RawMaterial', 1, 'Illuminate\\Database\\Eloquent\\Relations\\Pivot', NULL, '', 'finished', '', '2021-04-01 21:37:39', '2021-04-01 21:37:39', '{\"quantity\":null}', '{\"quantity\":\"9\"}'),
(47, '931a10f7-49fe-4e26-b887-fecaf87290c0', 1, 'Create', 'App\\Models\\Indicator', 12, 'App\\Models\\Indicator', 12, 'App\\Models\\Indicator', 12, '', 'finished', '', '2021-04-02 21:13:50', '2021-04-02 21:13:50', NULL, '{\"name\":\"Disponibilit\\u00e9\",\"code\":\"caisse\",\"starting_value\":\"100000\",\"is_financial\":true,\"updated_at\":\"2021-04-02T22:13:50.000000Z\",\"created_at\":\"2021-04-02T22:13:50.000000Z\",\"id\":12}'),
(48, '931a1119-8076-49f2-b149-a259409f5869', 1, 'Create', 'App\\Models\\Indicator', 13, 'App\\Models\\Indicator', 13, 'App\\Models\\Indicator', 13, '', 'finished', '', '2021-04-02 21:14:13', '2021-04-02 21:14:13', NULL, '{\"name\":\"C\\u00f4uts de Production\",\"code\":\"prod_cost\",\"starting_value\":\"0\",\"is_financial\":true,\"updated_at\":\"2021-04-02T22:14:13.000000Z\",\"created_at\":\"2021-04-02T22:14:13.000000Z\",\"id\":13}'),
(49, '931a112f-50b8-4d9b-bdd2-ff84dd3f0976', 1, 'Update', 'App\\Models\\Indicator', 13, 'App\\Models\\Indicator', 13, 'App\\Models\\Indicator', 13, '', 'finished', '', '2021-04-02 21:14:27', '2021-04-02 21:14:27', '{\"name\":\"C\\u00f4uts de Production\",\"is_financial\":1}', '{\"name\":\"Co\\u00fbts de Production\",\"is_financial\":true}'),
(50, '931a2b0a-a2d0-42db-8919-6b20a1fc9938', 1, 'Create', 'App\\Models\\Indicator', 14, 'App\\Models\\Indicator', 14, 'App\\Models\\Indicator', 14, '', 'finished', '', '2021-04-02 22:26:45', '2021-04-02 22:26:45', NULL, '{\"name\":\"Coefficient de Productivit\\u00e9\",\"code\":\"productivity_coeff\",\"starting_value\":\"1.0\",\"is_financial\":false,\"updated_at\":\"2021-04-02T23:26:45.000000Z\",\"created_at\":\"2021-04-02T23:26:45.000000Z\",\"id\":14}'),
(51, '931ce812-540b-45dc-be8f-72ce0259ecdc', 1, 'Create', 'App\\Models\\Indicator', 15, 'App\\Models\\Indicator', 15, 'App\\Models\\Indicator', 15, '', 'finished', '', '2021-04-04 07:06:58', '2021-04-04 07:06:58', NULL, '{\"name\":\"Machine Occup\\u00e9es\",\"code\":\"busy_machines\",\"starting_value\":\"0\",\"is_financial\":false,\"updated_at\":\"2021-04-04T08:06:58.000000Z\",\"created_at\":\"2021-04-04T08:06:58.000000Z\",\"id\":15}'),
(52, '931ce92a-e019-4aa3-b6f7-2f72decad26b', 1, 'Create', 'App\\Models\\Indicator', 16, 'App\\Models\\Indicator', 16, 'App\\Models\\Indicator', 16, '', 'finished', '', '2021-04-04 07:10:02', '2021-04-04 07:10:02', NULL, '{\"name\":\"Machines en Pannes\",\"code\":\"failed_machines\",\"starting_value\":\"0\",\"is_financial\":false,\"updated_at\":\"2021-04-04T08:10:02.000000Z\",\"created_at\":\"2021-04-04T08:10:02.000000Z\",\"id\":16}'),
(53, '931de9ab-c043-4efe-a89c-be580b06a8c8', 1, 'Create', 'App\\Models\\Indicator', 17, 'App\\Models\\Indicator', 17, 'App\\Models\\Indicator', 17, '', 'finished', '', '2021-04-04 19:07:16', '2021-04-04 19:07:16', NULL, '{\"name\":\"Nombre d\'Abonn\\u00e9s\",\"code\":\"nb_subscribers\",\"starting_value\":\"0\",\"is_financial\":false,\"updated_at\":\"2021-04-04T20:07:15.000000Z\",\"created_at\":\"2021-04-04T20:07:15.000000Z\",\"id\":17}'),
(54, '931de9d4-2b61-4496-8c35-66c704e0899d', 1, 'Create', 'App\\Models\\Indicator', 18, 'App\\Models\\Indicator', 18, 'App\\Models\\Indicator', 18, '', 'finished', '', '2021-04-04 19:07:43', '2021-04-04 19:07:43', NULL, '{\"name\":\"Pr\\u00e9sence RSS\",\"code\":\"social_presence\",\"starting_value\":\"0\",\"is_financial\":false,\"updated_at\":\"2021-04-04T20:07:43.000000Z\",\"created_at\":\"2021-04-04T20:07:43.000000Z\",\"id\":18}'),
(55, '931de9ec-d925-40db-8861-7046cf43df6d', 1, 'Create', 'App\\Models\\Indicator', 19, 'App\\Models\\Indicator', 19, 'App\\Models\\Indicator', 19, '', 'finished', '', '2021-04-04 19:07:59', '2021-04-04 19:07:59', NULL, '{\"name\":\"Pr\\u00e9sence sur les M\\u00e9dias\",\"code\":\"media_presence\",\"starting_value\":\"0\",\"is_financial\":false,\"updated_at\":\"2021-04-04T20:07:59.000000Z\",\"created_at\":\"2021-04-04T20:07:59.000000Z\",\"id\":19}'),
(56, '931dea27-046a-4f4b-8132-a846e9238de9', 1, 'Create', 'App\\Models\\Indicator', 20, 'App\\Models\\Indicator', 20, 'App\\Models\\Indicator', 20, '', 'finished', '', '2021-04-04 19:08:37', '2021-04-04 19:08:37', NULL, '{\"name\":\"Pr\\u00e9sence aux \\u00c9v\\u00e8nements\",\"code\":\"event_presence\",\"starting_value\":\"0\",\"is_financial\":false,\"updated_at\":\"2021-04-04T20:08:37.000000Z\",\"created_at\":\"2021-04-04T20:08:37.000000Z\",\"id\":20}'),
(57, '931deb86-7a28-40d9-8112-646fa95e115b', 1, 'Update', 'App\\Models\\Indicator', 17, 'App\\Models\\Indicator', 17, 'App\\Models\\Indicator', 17, '', 'finished', '', '2021-04-04 19:12:27', '2021-04-04 19:12:27', '{\"starting_value\":0,\"is_financial\":0}', '{\"starting_value\":\"10\",\"is_financial\":false}'),
(58, '931e192f-3f07-415d-bc91-9217c00fecb1', 1, 'Create', 'App\\Models\\Indicator', 21, 'App\\Models\\Indicator', 21, 'App\\Models\\Indicator', 21, '', 'finished', '', '2021-04-04 21:20:08', '2021-04-04 21:20:08', NULL, '{\"name\":\"Co\\u00fbt Unitaire de Distribution\",\"code\":\"dist_unit_cost\",\"starting_value\":\"0.5\",\"is_financial\":false,\"updated_at\":\"2021-04-04T22:20:08.000000Z\",\"created_at\":\"2021-04-04T22:20:08.000000Z\",\"id\":21}'),
(59, '931e21dd-ac76-413a-ac8b-3b27ede404d6', 1, 'Create', 'App\\Models\\Indicator', 22, 'App\\Models\\Indicator', 22, 'App\\Models\\Indicator', 22, '', 'finished', '', '2021-04-04 21:44:24', '2021-04-04 21:44:24', NULL, '{\"name\":\"Co\\u00fbts de Distribution\",\"code\":\"dist_cost\",\"starting_value\":\"0\",\"is_financial\":true,\"updated_at\":\"2021-04-04T22:44:24.000000Z\",\"created_at\":\"2021-04-04T22:44:24.000000Z\",\"id\":22}'),
(60, '9321daef-62e2-43f9-ae84-18ca4bce7a2d', 1, 'Create', 'App\\Models\\Indicator', 23, 'App\\Models\\Indicator', 23, 'App\\Models\\Indicator', 23, '', 'finished', '', '2021-04-06 18:09:23', '2021-04-06 18:09:23', NULL, '{\"name\":\"Fiabilit\\u00e9 des Machines\",\"code\":\"machines_health\",\"starting_value\":\"0.7\",\"is_financial\":false,\"updated_at\":\"2021-04-06T19:09:23.000000Z\",\"created_at\":\"2021-04-06T19:09:23.000000Z\",\"id\":23}'),
(61, '9321db2b-03fa-4e2c-9a50-42d26dd7fd0b', 1, 'Update', 'App\\Models\\Indicator', 23, 'App\\Models\\Indicator', 23, 'App\\Models\\Indicator', 23, '', 'finished', '', '2021-04-06 18:10:02', '2021-04-06 18:10:02', '{\"starting_value\":1,\"is_financial\":0}', '{\"starting_value\":\"0.7\",\"is_financial\":false}'),
(62, '9321db72-3035-483e-a98a-c9a4a87887e3', 1, 'Update', 'App\\Models\\Indicator', 23, 'App\\Models\\Indicator', 23, 'App\\Models\\Indicator', 23, '', 'finished', '', '2021-04-06 18:10:48', '2021-04-06 18:10:48', '{\"starting_value\":1,\"is_financial\":0}', '{\"starting_value\":\"70\",\"is_financial\":false}'),
(63, '9321dd86-fc4e-46a7-a2be-61c428d8f753', 1, 'Update', 'App\\Models\\Indicator', 23, 'App\\Models\\Indicator', 23, 'App\\Models\\Indicator', 23, '', 'finished', '', '2021-04-06 18:16:38', '2021-04-06 18:16:38', '{\"starting_value\":70,\"is_financial\":0}', '{\"starting_value\":\"0.7\",\"is_financial\":false}'),
(64, '9321e535-8b06-48ad-92ea-5fb8c2e3b1c4', 1, 'Update', 'App\\Models\\Indicator', 23, 'App\\Models\\Indicator', 23, 'App\\Models\\Indicator', 23, '', 'finished', '', '2021-04-06 18:38:06', '2021-04-06 18:38:06', '{\"starting_value\":1,\"is_financial\":0}', '{\"starting_value\":\"0.7\",\"is_financial\":false}'),
(65, '93233758-318b-4b1b-b95a-64c16c38f6c4', 1, 'Create', 'App\\Models\\Indicator', 24, 'App\\Models\\Indicator', 24, 'App\\Models\\Indicator', 24, '', 'finished', '', '2021-04-07 11:23:36', '2021-04-07 11:23:36', NULL, '{\"name\":\"Co\\u00fbts de Mati\\u00e8re Premi\\u00e8re\",\"code\":\"raw_materials_cost\",\"starting_value\":\"0\",\"is_financial\":true,\"updated_at\":\"2021-04-07T11:23:36.000000Z\",\"created_at\":\"2021-04-07T11:23:36.000000Z\",\"id\":24}'),
(66, '9323bf47-9e77-400c-a71f-4f68e8da4803', 1, 'Create', 'App\\Models\\Indicator', 25, 'App\\Models\\Indicator', 25, 'App\\Models\\Indicator', 25, '', 'finished', '', '2021-04-07 17:43:42', '2021-04-07 17:43:42', NULL, '{\"name\":\"Chiffre d\'Affaire du Produit 1\",\"code\":\"ca_1\",\"starting_value\":\"0\",\"is_financial\":false,\"updated_at\":\"2021-04-07T17:43:42.000000Z\",\"created_at\":\"2021-04-07T17:43:42.000000Z\",\"id\":25}'),
(67, '9323bf54-b202-43d8-9e6b-e78f32bcbad0', 1, 'Create', 'App\\Models\\Indicator', 26, 'App\\Models\\Indicator', 26, 'App\\Models\\Indicator', 26, '', 'finished', '', '2021-04-07 17:43:51', '2021-04-07 17:43:51', NULL, '{\"name\":\"Chiffre d\'Affaire du Produit 2\",\"code\":\"ca_2\",\"starting_value\":\"0\",\"is_financial\":false,\"updated_at\":\"2021-04-07T17:43:51.000000Z\",\"created_at\":\"2021-04-07T17:43:51.000000Z\",\"id\":26}'),
(68, '9323bf66-a379-4545-828f-30de6525e878', 1, 'Create', 'App\\Models\\Indicator', 27, 'App\\Models\\Indicator', 27, 'App\\Models\\Indicator', 27, '', 'finished', '', '2021-04-07 17:44:03', '2021-04-07 17:44:03', NULL, '{\"name\":\"Chiffre d\'Affaire du Produit 3\",\"code\":\"ca_3\",\"starting_value\":\"0\",\"is_financial\":false,\"updated_at\":\"2021-04-07T17:44:03.000000Z\",\"created_at\":\"2021-04-07T17:44:03.000000Z\",\"id\":27}'),
(69, '9323bf7d-065d-4ee5-b4e7-cc452cb091db', 1, 'Create', 'App\\Models\\Indicator', 28, 'App\\Models\\Indicator', 28, 'App\\Models\\Indicator', 28, '', 'finished', '', '2021-04-07 17:44:17', '2021-04-07 17:44:17', NULL, '{\"name\":\"Chiffre d\'Affaire du Produit 4\",\"code\":\"ca_4\",\"starting_value\":\"0\",\"is_financial\":false,\"updated_at\":\"2021-04-07T17:44:17.000000Z\",\"created_at\":\"2021-04-07T17:44:17.000000Z\",\"id\":28}'),
(70, '9323d213-4006-4bbc-b097-7061281d4bd3', 1, 'Create', 'App\\Models\\User', 5, 'App\\Models\\User', 5, 'App\\Models\\User', 5, '', 'finished', '', '2021-04-07 18:36:16', '2021-04-07 18:36:16', NULL, '{\"name\":\"Henkel\",\"email\":\"henkel@iec.com\",\"type\":\"entreprise\",\"updated_at\":\"2021-04-07T18:36:16.000000Z\",\"created_at\":\"2021-04-07T18:36:16.000000Z\",\"id\":5}'),
(71, '9323d28e-888b-4dd7-8570-8cb78302d0ee', 1, 'Create', 'App\\Models\\User', 6, 'App\\Models\\User', 6, 'App\\Models\\User', 6, '', 'finished', '', '2021-04-07 18:37:36', '2021-04-07 18:37:36', NULL, '{\"name\":\"P2P\",\"email\":\"p2p@iec.com\",\"type\":\"entreprise\",\"updated_at\":\"2021-04-07T18:37:36.000000Z\",\"created_at\":\"2021-04-07T18:37:36.000000Z\",\"id\":6}'),
(72, '9323d2a6-853c-4b3a-9262-28d7ca67867d', 1, 'Update', 'App\\Models\\User', 5, 'App\\Models\\User', 5, 'App\\Models\\User', 5, '', 'finished', '', '2021-04-07 18:37:52', '2021-04-07 18:37:52', '{\"password\":\"$2y$10$50qIbHWZ.ZdAS.hagXB1pu1ekyk0sshviCsEWxPMg8UR0dMJMWMlS\"}', '{\"password\":\"$2y$10$\\/UMxS4ofVg0yJ.PIMFLIsejlbqw\\/21MI5QJEfeFY8ENWVTHXyXbey\"}'),
(73, '9323d421-96e7-4b1e-9de3-d61adfddb91d', 1, 'Update', 'App\\Models\\Indicator', 28, 'App\\Models\\Indicator', 28, 'App\\Models\\Indicator', 28, '', 'finished', '', '2021-04-07 18:42:01', '2021-04-07 18:42:01', '{\"starting_value\":0,\"is_financial\":0}', '{\"starting_value\":\"1000\",\"is_financial\":false}'),
(74, '9323d433-c1c9-49fd-9ff5-ec22555e3395', 1, 'Update', 'App\\Models\\Indicator', 27, 'App\\Models\\Indicator', 27, 'App\\Models\\Indicator', 27, '', 'finished', '', '2021-04-07 18:42:13', '2021-04-07 18:42:13', '{\"starting_value\":0,\"is_financial\":0}', '{\"starting_value\":\"1000\",\"is_financial\":false}'),
(75, '9323d43e-75df-4152-944b-e3693659ecdf', 1, 'Update', 'App\\Models\\Indicator', 25, 'App\\Models\\Indicator', 25, 'App\\Models\\Indicator', 25, '', 'finished', '', '2021-04-07 18:42:20', '2021-04-07 18:42:20', '{\"starting_value\":0,\"is_financial\":0}', '{\"starting_value\":\"1000\",\"is_financial\":false}'),
(76, '9323d44c-6585-45a3-973f-9a2722e52061', 1, 'Update', 'App\\Models\\Indicator', 26, 'App\\Models\\Indicator', 26, 'App\\Models\\Indicator', 26, '', 'finished', '', '2021-04-07 18:42:29', '2021-04-07 18:42:29', '{\"starting_value\":0,\"is_financial\":0}', '{\"starting_value\":\"1000\",\"is_financial\":false}'),
(77, '9323d487-ab49-48d1-b0b3-ca1f64c308b3', 1, 'Update', 'App\\Models\\Indicator', 1, 'App\\Models\\Indicator', 1, 'App\\Models\\Indicator', 1, '', 'finished', '', '2021-04-07 18:43:07', '2021-04-07 18:43:07', '{\"starting_value\":0,\"is_financial\":1}', '{\"starting_value\":\"4000\",\"is_financial\":true}'),
(78, '932433e2-5576-49f3-bbdc-e5e33e7adb75', 1, 'Create', 'App\\Models\\Indicator', 29, 'App\\Models\\Indicator', 29, 'App\\Models\\Indicator', 29, '', 'finished', '', '2021-04-07 23:09:45', '2021-04-07 23:09:45', NULL, '{\"name\":\"Dettes\",\"code\":\"dettes\",\"starting_value\":\"0\",\"is_financial\":true,\"updated_at\":\"2021-04-07T23:09:45.000000Z\",\"created_at\":\"2021-04-07T23:09:45.000000Z\",\"id\":29}'),
(79, '932515a3-21c5-4575-a8bd-c60e33e661f9', 1, 'Create', 'App\\Models\\User', 7, 'App\\Models\\User', 7, 'App\\Models\\User', 7, '', 'finished', '', '2021-04-08 09:41:00', '2021-04-08 09:41:00', NULL, '{\"name\":\"Walid\",\"email\":\"walid@iec.com\",\"type\":\"entreprise\",\"updated_at\":\"2021-04-08T09:41:00.000000Z\",\"created_at\":\"2021-04-08T09:41:00.000000Z\",\"id\":7}'),
(80, '93252404-b1e7-43b3-b5ca-c2e6cb9f2afe', 1, 'Create', 'App\\Models\\User', 8, 'App\\Models\\User', 8, 'App\\Models\\User', 8, '', 'finished', '', '2021-04-08 10:21:13', '2021-04-08 10:21:13', NULL, '{\"name\":\"Nestl\\u00e9\",\"email\":\"neste@iec.com\",\"type\":\"entreprise\",\"updated_at\":\"2021-04-08T10:21:13.000000Z\",\"created_at\":\"2021-04-08T10:21:13.000000Z\",\"id\":8}'),
(81, '93252421-6842-4969-a766-03b8adcdec9a', 1, 'Create', 'App\\Models\\User', 9, 'App\\Models\\User', 9, 'App\\Models\\User', 9, '', 'finished', '', '2021-04-08 10:21:32', '2021-04-08 10:21:32', NULL, '{\"name\":\"Fournisseur\",\"email\":\"sofiane@business.game\",\"rate\":\"1\",\"ddl_min\":\"2\",\"ddl_max\":\"6\",\"type\":\"supplier\",\"updated_at\":\"2021-04-08T10:21:32.000000Z\",\"created_at\":\"2021-04-08T10:21:32.000000Z\",\"id\":9}'),
(82, '93252446-1ae5-4bdb-b987-d4de3ee14fd2', 1, 'Create', 'App\\Models\\User', 10, 'App\\Models\\User', 10, 'App\\Models\\User', 10, '', 'finished', '', '2021-04-08 10:21:56', '2021-04-08 10:21:56', NULL, '{\"name\":\"Anya Inc\",\"email\":\"anya@iec.com\",\"type\":\"entreprise\",\"updated_at\":\"2021-04-08T10:21:56.000000Z\",\"created_at\":\"2021-04-08T10:21:56.000000Z\",\"id\":10}'),
(83, '9325246d-37ac-4947-9dcd-0a7e8f928135', 1, 'Update', 'App\\Models\\User', 8, 'App\\Models\\User', 8, 'App\\Models\\User', 8, '', 'finished', '', '2021-04-08 10:22:22', '2021-04-08 10:22:22', '{\"name\":\"Nestl\\u00e9\",\"email\":\"neste@iec.com\",\"password\":\"$2y$10$0lc2e\\/GCWOUDwAa1EyGKGOOAn0zMUxxkGNsrn3iv45Cl1T\\/f8XEAW\"}', '{\"name\":\"Aziz Inc\",\"email\":\"aziz@iec.com\",\"password\":\"$2y$10$HrobUV93cKrk6Ytd6ijyd..m2RLQ8yvDoig8aPAj6gGDuLlYzQrNi\"}'),
(84, '93252484-ba94-48e5-aa73-df2c9828cc64', 1, 'Create', 'App\\Models\\User', 11, 'App\\Models\\User', 11, 'App\\Models\\User', 11, '', 'finished', '', '2021-04-08 10:22:37', '2021-04-08 10:22:37', NULL, '{\"name\":\"Team 8\",\"email\":\"aziz@business.game\",\"type\":\"entreprise\",\"updated_at\":\"2021-04-08T10:22:37.000000Z\",\"created_at\":\"2021-04-08T10:22:37.000000Z\",\"id\":11}'),
(85, '93252490-bef2-49f4-8f4f-07ee696a82a3', 1, 'Create', 'App\\Models\\User', 12, 'App\\Models\\User', 12, 'App\\Models\\User', 12, '', 'finished', '', '2021-04-08 10:22:45', '2021-04-08 10:22:45', NULL, '{\"name\":\"Nabil\",\"email\":\"nabil@iec.com\",\"type\":\"entreprise\",\"updated_at\":\"2021-04-08T10:22:45.000000Z\",\"created_at\":\"2021-04-08T10:22:45.000000Z\",\"id\":12}'),
(86, '9325252e-b4cd-4c16-85ff-1a79af8ea389', 1, 'Update', 'App\\Models\\User', 8, 'App\\Models\\User', 8, 'App\\Models\\User', 8, '', 'finished', '', '2021-04-08 10:24:28', '2021-04-08 10:24:28', '{\"name\":\"Aziz Inc\",\"email\":\"aziz@iec.com\",\"password\":\"$2y$10$HrobUV93cKrk6Ytd6ijyd..m2RLQ8yvDoig8aPAj6gGDuLlYzQrNi\"}', '{\"name\":\"Melissa & Celia Co\",\"email\":\"melissa@iec.com\",\"password\":\"$2y$10$F7GKU1Nguk7DtZSRDGDf9.J6kkVLa7siq5VjNsX52KhXkpMe03YGq\"}'),
(87, '9325266c-531a-4b02-804f-d25b4088498f', 1, 'Update', 'App\\Models\\Indicator', 12, 'App\\Models\\Indicator', 12, 'App\\Models\\Indicator', 12, '', 'finished', '', '2021-04-08 10:27:57', '2021-04-08 10:27:57', '{\"starting_value\":100000,\"is_financial\":1}', '{\"starting_value\":\"10000000\",\"is_financial\":true}'),
(88, '93252722-60fb-46db-9b65-831dfa176a43', 1, 'Update', 'App\\Models\\Indicator', 12, 'App\\Models\\Indicator', 12, 'App\\Models\\Indicator', 12, '', 'finished', '', '2021-04-08 10:29:56', '2021-04-08 10:29:56', '{\"starting_value\":10000000,\"is_financial\":1}', '{\"starting_value\":\"100000\",\"is_financial\":true}'),
(89, '9325272e-9955-4563-95cc-d217ea3cfd58', 1, 'Update', 'App\\Models\\Indicator', 12, 'App\\Models\\Indicator', 12, 'App\\Models\\Indicator', 12, '', 'finished', '', '2021-04-08 10:30:04', '2021-04-08 10:30:04', '{\"starting_value\":100000,\"is_financial\":1}', '{\"starting_value\":\"900000\",\"is_financial\":true}'),
(90, '9325283a-73ed-4fb4-8291-130eba4887d5', 1, 'Update', 'App\\Models\\User', 12, 'App\\Models\\User', 12, 'App\\Models\\User', 12, '', 'finished', '', '2021-04-08 10:32:59', '2021-04-08 10:32:59', '{\"type\":\"entreprise\"}', '{\"type\":\"banker\"}'),
(91, '93252927-f289-4f4b-bcc1-93eee4528e8d', 1, 'Create', 'App\\Models\\Indicator', 30, 'App\\Models\\Indicator', 30, 'App\\Models\\Indicator', 30, '', 'finished', '', '2021-04-08 10:35:35', '2021-04-08 10:35:35', NULL, '{\"name\":\"Taux d\'endettement\",\"code\":\"debt_ratio\",\"starting_value\":\"1\",\"is_financial\":false,\"updated_at\":\"2021-04-08T10:35:35.000000Z\",\"created_at\":\"2021-04-08T10:35:35.000000Z\",\"id\":30}'),
(92, '93252943-a851-4dc9-a59e-585ff6739cc3', 1, 'Create', 'App\\Models\\Indicator', 31, 'App\\Models\\Indicator', 31, 'App\\Models\\Indicator', 31, '', 'finished', '', '2021-04-08 10:35:53', '2021-04-08 10:35:53', NULL, '{\"name\":\"Humeur des empoly\\u00e9s\",\"code\":\"workers_mood\",\"starting_value\":\"0.6\",\"is_financial\":false,\"updated_at\":\"2021-04-08T10:35:53.000000Z\",\"created_at\":\"2021-04-08T10:35:53.000000Z\",\"id\":31}'),
(93, '93252f66-2b2d-42d9-9fbd-42cb6a298271', 1, 'Update', 'App\\Models\\Department', 5, 'App\\Models\\Department', 5, 'App\\Models\\Department', 5, '', 'finished', '', '2021-04-08 10:53:02', '2021-04-08 10:53:02', '{\"name\":\"RH\"}', '{\"name\":\"Ressources Humaines\"}'),
(94, '93259115-4128-4cae-9399-69ae6d1bb3c0', 5, 'Update', 'App\\Models\\Indicator', 11, 'App\\Models\\Indicator', 11, 'App\\Models\\Indicator', 11, '', 'finished', '', '2021-04-08 15:26:11', '2021-04-08 15:26:11', '{\"starting_value\":0,\"is_financial\":0}', '{\"starting_value\":\"0.05\",\"is_financial\":false}'),
(95, '9325911d-f837-4c31-89d3-d98eb3376bbb', 5, 'Update', 'App\\Models\\Indicator', 11, 'App\\Models\\Indicator', 11, 'App\\Models\\Indicator', 11, '', 'finished', '', '2021-04-08 15:26:17', '2021-04-08 15:26:17', '{\"is_financial\":0}', '{\"is_financial\":false}'),
(96, '9326415a-5e3f-42c5-af76-4841048b8a84', 5, 'Create', 'App\\Models\\Product', 1, 'App\\Models\\Product', 1, 'App\\Models\\Product', 1, '', 'finished', '', '2021-04-08 23:39:04', '2021-04-08 23:39:04', NULL, '{\"name\":\"Smartphone BG Pro\",\"description\":\"Smartphone performant avec une RAM de 4  GO, une cam\\u00e9ra de 16 MP et un espace de stockage de 32 GB, ce smartphone est tr\\u00e8s populaire de nos jours, cepandant, la demande d\\u00e9croit tr\\u00e8s rapidement avec l\'augmentation du prix, le marketing n\'est pas assez important pour ce produit.\",\"price_min\":\"20000\",\"price_max\":\"29000\",\"machine_units\":\"2\",\"ad_coef\":\"1\",\"labor_units\":\"2\",\"updated_at\":\"2021-04-08T23:39:04.000000Z\",\"created_at\":\"2021-04-08T23:39:04.000000Z\",\"id\":1}'),
(97, '9326423f-8fd8-422b-bfe1-fc05200c4210', 5, 'Create', 'App\\Models\\Product', 2, 'App\\Models\\Product', 2, 'App\\Models\\Product', 2, '', 'finished', '', '2021-04-08 23:41:35', '2021-04-08 23:41:35', NULL, '{\"name\":\"Smartphone BG S+\",\"description\":\"Smartphone de haute gamme avec 8 GO de RAM, un processeur de d\\u00e8rni\\u00e8re g\\u00e9n\\u00e9ration, une double cam\\u00e9ra de 32 MP, un espace de stockage de 64 et 128 GB, ce produit constitue un bien de luxe dont le marketing est un facteur tr\\u00e8s important.\",\"price_min\":\"60000\",\"price_max\":\"75000\",\"machine_units\":\"3\",\"ad_coef\":\"1\",\"labor_units\":\"3\",\"updated_at\":\"2021-04-08T23:41:35.000000Z\",\"created_at\":\"2021-04-08T23:41:35.000000Z\",\"id\":2}'),
(98, '93264266-51ea-4df0-93c1-1550277b5dc3', 5, 'Update', 'App\\Models\\Product', 2, 'App\\Models\\Product', 2, 'App\\Models\\Product', 2, '', 'finished', '', '2021-04-08 23:42:00', '2021-04-08 23:42:00', '{\"description\":\"Smartphone de haute gamme avec 8 GO de RAM, un processeur de d\\u00e8rni\\u00e8re g\\u00e9n\\u00e9ration, une double cam\\u00e9ra de 32 MP, un espace de stockage de 64 et 128 GB, ce produit constitue un bien de luxe dont le marketing est un facteur tr\\u00e8s important.\"}', '{\"description\":\"Smartphone de haute gamme avec 8 GO de RAM, un processeur de derni\\u00e8re g\\u00e9n\\u00e9ration, une double cam\\u00e9ra de 32 MP, un espace de stockage de 64 et 128 GB, ce produit constitue un bien de luxe dont le marketing est un facteur tr\\u00e8s important.\"}'),
(99, '932644d1-f504-45eb-bd4a-90617ce28264', 5, 'Delete', 'App\\Models\\Product', 2, 'App\\Models\\Product', 2, 'App\\Models\\Product', 2, '', 'finished', '', '2021-04-08 23:48:46', '2021-04-08 23:48:46', NULL, NULL),
(100, '93264708-6839-4b28-91c1-ef459b90c654', 5, 'Create', 'App\\Models\\Product', 1, 'App\\Models\\Product', 1, 'App\\Models\\Product', 1, '', 'finished', '', '2021-04-08 23:54:57', '2021-04-08 23:54:57', NULL, '{\"name\":\"Lait BG\",\"description\":\"Le Lait BG est un bien n\\u00e9c\\u00e9ssaire qui est tr\\u00e8s demand\\u00e9, la demande de ce bien est inversement proportionelle \\u00e0 son prix, le marketing n\'est pas assez important.\",\"price_min\":\"25\",\"price_max\":\"50\",\"machine_units\":\"1\",\"ad_coef\":\"1\",\"labor_units\":\"2\",\"updated_at\":\"2021-04-08T23:54:57.000000Z\",\"created_at\":\"2021-04-08T23:54:57.000000Z\",\"id\":1}'),
(101, '9326477d-d75e-4d21-8737-0119c8cc00a1', 5, 'Update', 'App\\Models\\Product', 1, 'App\\Models\\Product', 1, 'App\\Models\\Product', 1, '', 'finished', '', '2021-04-08 23:56:14', '2021-04-08 23:56:14', '{\"price_min\":25,\"price_max\":50}', '{\"price_min\":\"70\",\"price_max\":\"120\"}'),
(102, '93264886-64c2-4e7d-8e05-bcb9f809e8d9', 5, 'Create', 'App\\Models\\Product', 2, 'App\\Models\\Product', 2, 'App\\Models\\Product', 2, '', 'finished', '', '2021-04-08 23:59:08', '2021-04-08 23:59:08', NULL, '{\"name\":\"Camembert BG Extra\",\"description\":\"Ce Camembert est un d\\u00e9lice, il est consid\\u00e9r\\u00e9 comme un bien luxueux, sa demande depend fortement de son prix et du marketing de ce dernier.\",\"price_min\":\"350\",\"price_max\":\"500\",\"machine_units\":\"2\",\"ad_coef\":\"4\",\"labor_units\":\"2\",\"updated_at\":\"2021-04-08T23:59:08.000000Z\",\"created_at\":\"2021-04-08T23:59:08.000000Z\",\"id\":2}'),
(103, '932649ea-2de6-45bc-b65e-c5a9a9cb0bb0', 5, 'Create', 'App\\Models\\Product', 3, 'App\\Models\\Product', 3, 'App\\Models\\Product', 3, '', 'finished', '', '2021-04-09 00:03:01', '2021-04-09 00:03:01', NULL, '{\"name\":\"Yaourt BG Aromatis\\u00e9\",\"description\":\"Le Yaourt est largement demand\\u00e9 dans le march\\u00e9, cependant la demande varie fortement ssselon le prix de vente, le marketing est assez important pour ce produit.\",\"price_min\":\"10\",\"price_max\":\"30\",\"machine_units\":\"2\",\"ad_coef\":\"2\",\"labor_units\":\"1\",\"updated_at\":\"2021-04-09T00:03:01.000000Z\",\"created_at\":\"2021-04-09T00:03:01.000000Z\",\"id\":3}'),
(104, '93264af8-f11b-46a7-b88c-b25db7dce98d', 5, 'Create', 'App\\Models\\Product', 4, 'App\\Models\\Product', 4, 'App\\Models\\Product', 4, '', 'finished', '', '2021-04-09 00:05:58', '2021-04-09 00:05:58', NULL, '{\"name\":\"Fromage BG Family\",\"description\":\"Le fromage BG Family est vendue en boites de 24 portions, parfait pour la famille, ce produit d\\u00e9pend d\'une mani\\u00e8re assez importante du prix et du marketing aussi.\",\"price_min\":\"150\",\"price_max\":\"220\",\"machine_units\":\"2\",\"ad_coef\":\"3\",\"labor_units\":\"2\",\"updated_at\":\"2021-04-09T00:05:58.000000Z\",\"created_at\":\"2021-04-09T00:05:58.000000Z\",\"id\":4}'),
(105, '93264d09-8b4c-4fc4-88c8-76b7f2177a7b', 5, 'Update', 'App\\Models\\Product', 2, 'App\\Models\\Product', 2, 'App\\Models\\Product', 2, '', 'finished', '', '2021-04-09 00:11:45', '2021-04-09 00:11:45', '{\"description\":\"Ce Camembert est un d\\u00e9lice, il est consid\\u00e9r\\u00e9 comme un bien luxueux, sa demande depend fortement de son prix et du marketing de ce dernier.\"}', '{\"description\":\"Le Camembert BG Extra est un d\\u00e9lice, il est consid\\u00e9r\\u00e9 comme un bien luxueux, sa demande depend fortement de son prix et du marketing de ce dernier.\"}'),
(106, '93264f85-ed0b-4c46-88fc-df5af1ffcddf', 5, 'Update', 'App\\Models\\Product', 4, 'App\\Models\\Product', 4, 'App\\Models\\Product', 4, '', 'finished', '', '2021-04-09 00:18:42', '2021-04-09 00:18:42', '{\"avg_demand\":10000,\"left_demand\":10000}', '{\"avg_demand\":\"60000\",\"left_demand\":\"60000\"}'),
(107, '93264fb7-d940-4dfa-bbb1-148c1e70d743', 5, 'Update', 'App\\Models\\Product', 3, 'App\\Models\\Product', 3, 'App\\Models\\Product', 3, '', 'finished', '', '2021-04-09 00:19:14', '2021-04-09 00:19:14', '{\"avg_demand\":10000,\"left_demand\":10000}', '{\"avg_demand\":\"80000\",\"left_demand\":\"80000\"}'),
(108, '93264fdd-0ef3-4b88-a282-f2ef0572df94', 5, 'Update', 'App\\Models\\Product', 2, 'App\\Models\\Product', 2, 'App\\Models\\Product', 2, '', 'finished', '', '2021-04-09 00:19:39', '2021-04-09 00:19:39', '{\"avg_demand\":10000,\"left_demand\":10000}', '{\"avg_demand\":\"25000\",\"left_demand\":\"25000\"}'),
(109, '93264ff4-4dad-4635-a498-3a4e12519fb5', 5, 'Update', 'App\\Models\\Product', 1, 'App\\Models\\Product', 1, 'App\\Models\\Product', 1, '', 'finished', '', '2021-04-09 00:19:54', '2021-04-09 00:19:54', '{\"avg_demand\":10000,\"left_demand\":10000}', '{\"avg_demand\":\"100000\",\"left_demand\":\"100000\"}'),
(110, '9326518b-ec08-4e83-bae3-22bd3506c6ee', 5, 'Update', 'App\\Models\\Product', 3, 'App\\Models\\Product', 3, 'App\\Models\\Product', 3, '', 'finished', '', '2021-04-09 00:24:21', '2021-04-09 00:24:21', '{\"avg_demand\":80000,\"left_demand\":80000}', '{\"avg_demand\":\"60000\",\"left_demand\":\"60000\"}'),
(111, '932651ad-ce31-4cd0-8407-13766d4a8688', 5, 'Update', 'App\\Models\\Product', 4, 'App\\Models\\Product', 4, 'App\\Models\\Product', 4, '', 'finished', '', '2021-04-09 00:24:43', '2021-04-09 00:24:43', '{\"avg_demand\":60000,\"left_demand\":60000}', '{\"avg_demand\":\"80000\",\"left_demand\":\"80000\"}'),
(112, '932726d2-3e0e-4eef-83be-0a66abe3c294', 5, 'Create', 'App\\Models\\RawMaterial', 1, 'App\\Models\\RawMaterial', 1, 'App\\Models\\RawMaterial', 1, '', 'finished', '', '2021-04-09 10:20:43', '2021-04-09 10:20:43', NULL, '{\"name\":\"Poudre de Lait\",\"unit\":\"Kg\",\"price\":\"45\",\"updated_at\":\"2021-04-09T10:20:43.000000Z\",\"created_at\":\"2021-04-09T10:20:43.000000Z\",\"id\":1}'),
(113, '9327270e-3c3d-4b60-90bc-225c1dc51193', 5, 'Create', 'App\\Models\\RawMaterial', 2, 'App\\Models\\RawMaterial', 2, 'App\\Models\\RawMaterial', 2, '', 'finished', '', '2021-04-09 10:21:22', '2021-04-09 10:21:22', NULL, '{\"name\":\"Ar\\u00f4mes\",\"unit\":\"Unit\\u00e9s\",\"price\":\"60\",\"updated_at\":\"2021-04-09T10:21:22.000000Z\",\"created_at\":\"2021-04-09T10:21:22.000000Z\",\"id\":2}'),
(114, '93272745-b444-4c0c-b7d8-2f4698838c42', 5, 'Create', 'App\\Models\\RawMaterial', 3, 'App\\Models\\RawMaterial', 3, 'App\\Models\\RawMaterial', 3, '', 'finished', '', '2021-04-09 10:21:58', '2021-04-09 10:21:58', NULL, '{\"name\":\"Magn\\u00e9sium\",\"unit\":\"Kg\",\"price\":\"25\",\"updated_at\":\"2021-04-09T10:21:58.000000Z\",\"created_at\":\"2021-04-09T10:21:58.000000Z\",\"id\":3}'),
(115, '9327aa31-f1b1-4f71-8ce9-fb9db5f6b6cc', 5, 'Update', 'App\\Models\\RawMaterial', 1, 'App\\Models\\RawMaterial', 1, 'App\\Models\\RawMaterial', 1, '', 'finished', '', '2021-04-09 16:28:04', '2021-04-09 16:28:04', '{\"price\":45}', '{\"price\":\"410\"}'),
(116, '9327aa3b-90cc-40fc-b09f-dbd2e1cc19cc', 5, 'Update', 'App\\Models\\RawMaterial', 1, 'App\\Models\\RawMaterial', 1, 'App\\Models\\RawMaterial', 1, '', 'finished', '', '2021-04-09 16:28:10', '2021-04-09 16:28:10', '[]', '[]'),
(117, '9327aaa7-8dca-464a-9ea1-c7663512448b', 5, 'Update', 'App\\Models\\RawMaterial', 2, 'App\\Models\\RawMaterial', 2, 'App\\Models\\RawMaterial', 2, '', 'finished', '', '2021-04-09 16:29:21', '2021-04-09 16:29:21', '{\"price\":60,\"unit\":\"Unit\\u00e9s\",\"name\":\"Ar\\u00f4mes\"}', '{\"price\":\"26\",\"unit\":\"Kg\",\"name\":\"Emballage (Carton \\/ Alumnium)\"}'),
(118, '9327aae1-71c0-49af-9018-1032751786cf', 5, 'Update', 'App\\Models\\RawMaterial', 3, 'App\\Models\\RawMaterial', 3, 'App\\Models\\RawMaterial', 3, '', 'finished', '', '2021-04-09 16:29:59', '2021-04-09 16:29:59', '{\"price\":25,\"name\":\"Magn\\u00e9sium\"}', '{\"price\":\"1700\",\"name\":\"Additifs Alimentaire\"}'),
(119, '9327ab0c-105b-428c-b0d7-48e7375d49a4', 5, 'Update', 'App\\Models\\RawMaterial', 3, 'App\\Models\\RawMaterial', 3, 'App\\Models\\RawMaterial', 3, '', 'finished', '', '2021-04-09 16:30:27', '2021-04-09 16:30:27', '{\"name\":\"Additifs Alimentaire\"}', '{\"name\":\"Additifs Alimentaires\"}'),
(120, '9327ab3e-30ba-4d05-998e-b23663828bb4', 5, 'Create', 'App\\Models\\RawMaterial', 4, 'App\\Models\\RawMaterial', 4, 'App\\Models\\RawMaterial', 4, '', 'finished', '', '2021-04-09 16:30:59', '2021-04-09 16:30:59', NULL, '{\"name\":\"Ar\\u00f4mes\",\"unit\":\"Kg\",\"price\":\"2300\",\"updated_at\":\"2021-04-09T16:30:59.000000Z\",\"created_at\":\"2021-04-09T16:30:59.000000Z\",\"id\":4}'),
(121, '9327ab5b-08b6-4c3b-bfb0-feec352ec637', 5, 'Update', 'App\\Models\\Product', 1, 'App\\Models\\Product', 1, 'App\\Models\\Product', 1, '', 'finished', '', '2021-04-09 16:31:18', '2021-04-09 16:31:18', '{\"avg_demand\":100000,\"left_demand\":100000}', '{\"avg_demand\":\"150000\",\"left_demand\":\"150000\"}'),
(122, '9327c898-efe5-49bc-81a6-ea9dd13a79b2', 5, 'Attach', 'App\\Models\\Product', 1, 'App\\Models\\RawMaterial', 1, 'Illuminate\\Database\\Eloquent\\Relations\\Pivot', NULL, '', 'finished', '', '2021-04-09 17:53:04', '2021-04-09 17:53:04', NULL, '{\"product_id\":\"1\",\"raw_material_id\":\"1\",\"quantity\":\"8.5\"}'),
(123, '9327c96b-8599-421c-ae31-6804d9932a07', 5, 'Attach', 'App\\Models\\Product', 1, 'App\\Models\\RawMaterial', 2, 'Illuminate\\Database\\Eloquent\\Relations\\Pivot', NULL, '', 'finished', '', '2021-04-09 17:55:22', '2021-04-09 17:55:22', NULL, '{\"product_id\":\"1\",\"raw_material_id\":\"2\",\"quantity\":\"57.5\"}'),
(124, '9327c98c-f996-4472-a979-0eb5ed72baae', 5, 'Attach', 'App\\Models\\Product', 1, 'App\\Models\\RawMaterial', 4, 'Illuminate\\Database\\Eloquent\\Relations\\Pivot', NULL, '', 'finished', '', '2021-04-09 17:55:44', '2021-04-09 17:55:44', NULL, '{\"product_id\":\"1\",\"raw_material_id\":\"4\",\"quantity\":\"0.45\"}'),
(125, '9327c9a1-c5b6-4862-b943-88f7288d1b82', 5, 'Attach', 'App\\Models\\Product', 1, 'App\\Models\\RawMaterial', 3, 'Illuminate\\Database\\Eloquent\\Relations\\Pivot', NULL, '', 'finished', '', '2021-04-09 17:55:58', '2021-04-09 17:55:58', NULL, '{\"product_id\":\"1\",\"raw_material_id\":\"3\",\"quantity\":\"0.6\"}'),
(126, '9327c9b9-27f4-4b8c-8691-452ecdb66ffe', 5, 'Update', 'App\\Models\\Product', 2, 'App\\Models\\Product', 2, 'App\\Models\\Product', 2, '', 'finished', '', '2021-04-09 17:56:13', '2021-04-09 17:56:13', '[]', '[]'),
(127, '9327ca3e-c44c-40df-a23f-06e329246420', 5, 'Attach', 'App\\Models\\Product', 2, 'App\\Models\\RawMaterial', 3, 'Illuminate\\Database\\Eloquent\\Relations\\Pivot', NULL, '', 'finished', '', '2021-04-09 17:57:41', '2021-04-09 17:57:41', NULL, '{\"product_id\":\"2\",\"raw_material_id\":\"3\",\"quantity\":\"2\"}'),
(128, '9327ca54-e31b-4241-ad18-5b85230b0b61', 5, 'Attach', 'App\\Models\\Product', 2, 'App\\Models\\RawMaterial', 1, 'Illuminate\\Database\\Eloquent\\Relations\\Pivot', NULL, '', 'finished', '', '2021-04-09 17:57:55', '2021-04-09 17:57:55', NULL, '{\"product_id\":\"2\",\"raw_material_id\":\"1\",\"quantity\":\"29\"}'),
(129, '9327caa8-380d-49ca-ad96-a42e3e5e9fc2', 5, 'Attach', 'App\\Models\\Product', 4, 'App\\Models\\RawMaterial', 1, 'Illuminate\\Database\\Eloquent\\Relations\\Pivot', NULL, '', 'finished', '', '2021-04-09 17:58:50', '2021-04-09 17:58:50', NULL, '{\"product_id\":\"4\",\"raw_material_id\":\"1\",\"quantity\":\"12\"}'),
(130, '9327cb04-5508-4963-9b97-18a4ef14bf7e', 5, 'Attach', 'App\\Models\\Product', 4, 'App\\Models\\RawMaterial', 4, 'Illuminate\\Database\\Eloquent\\Relations\\Pivot', NULL, '', 'finished', '', '2021-04-09 17:59:50', '2021-04-09 17:59:50', NULL, '{\"product_id\":\"4\",\"raw_material_id\":\"4\",\"quantity\":\"0.5\"}'),
(131, '9327cb12-6d22-45a1-b53e-be2946604a39', 5, 'Attach', 'App\\Models\\Product', 4, 'App\\Models\\RawMaterial', 3, 'Illuminate\\Database\\Eloquent\\Relations\\Pivot', NULL, '', 'finished', '', '2021-04-09 17:59:59', '2021-04-09 17:59:59', NULL, '{\"product_id\":\"4\",\"raw_material_id\":\"3\",\"quantity\":\"0.9\"}'),
(132, '9327cb4e-509a-4e83-ad9d-8843bfe2e0a8', 5, 'Attach', 'App\\Models\\Product', 3, 'App\\Models\\RawMaterial', 1, 'Illuminate\\Database\\Eloquent\\Relations\\Pivot', NULL, '', 'finished', '', '2021-04-09 18:00:39', '2021-04-09 18:00:39', NULL, '{\"product_id\":\"3\",\"raw_material_id\":\"1\",\"quantity\":\"0.7\"}'),
(133, '9327cb63-de1b-4a5d-8dda-d6c1d61cdf2a', 5, 'Attach', 'App\\Models\\Product', 3, 'App\\Models\\RawMaterial', 4, 'Illuminate\\Database\\Eloquent\\Relations\\Pivot', NULL, '', 'finished', '', '2021-04-09 18:00:53', '2021-04-09 18:00:53', NULL, '{\"product_id\":\"3\",\"raw_material_id\":\"4\",\"quantity\":\"0.2\"}'),
(134, '9327cb75-2c09-437b-83c9-f4f84ddaa0a4', 5, 'Attach', 'App\\Models\\Product', 3, 'App\\Models\\RawMaterial', 3, 'Illuminate\\Database\\Eloquent\\Relations\\Pivot', NULL, '', 'finished', '', '2021-04-09 18:01:04', '2021-04-09 18:01:04', NULL, '{\"product_id\":\"3\",\"raw_material_id\":\"3\",\"quantity\":\"0.1\"}');
INSERT INTO `action_events` (`id`, `batch_id`, `user_id`, `name`, `actionable_type`, `actionable_id`, `target_type`, `target_id`, `model_type`, `model_id`, `fields`, `status`, `exception`, `created_at`, `updated_at`, `original`, `changes`) VALUES
(135, '9327ccf2-34c6-4063-a5dc-21950e2cb0dc', 5, 'Attach', 'App\\Models\\Product', 3, 'App\\Models\\RawMaterial', 2, 'Illuminate\\Database\\Eloquent\\Relations\\Pivot', NULL, '', 'finished', '', '2021-04-09 18:05:14', '2021-04-09 18:05:14', NULL, '{\"product_id\":\"3\",\"raw_material_id\":\"2\",\"quantity\":\"7.5\"}'),
(136, '9327ce4c-fab2-40aa-9b3b-61a77cbc813a', 5, 'Update', 'App\\Models\\Product', 2, 'App\\Models\\Product', 2, 'App\\Models\\Product', 2, '', 'finished', '', '2021-04-09 18:09:01', '2021-04-09 18:09:01', '[]', '[]'),
(137, '9327ce57-478b-4500-9f01-487b0c4d2fbd', 5, 'Attach', 'App\\Models\\Product', 2, 'App\\Models\\RawMaterial', 2, 'Illuminate\\Database\\Eloquent\\Relations\\Pivot', NULL, '', 'finished', '', '2021-04-09 18:09:08', '2021-04-09 18:09:08', NULL, '{\"product_id\":\"2\",\"raw_material_id\":\"2\",\"quantity\":\"60\"}'),
(138, '9327ce70-96b4-4e6d-a6ad-55e871f404a6', 5, 'Update', 'App\\Models\\Product', 3, 'App\\Models\\Product', 3, 'App\\Models\\Product', 3, '', 'finished', '', '2021-04-09 18:09:24', '2021-04-09 18:09:24', '[]', '[]'),
(139, '9327ce8b-f73a-4bfa-a0de-99f0b31c9bf4', 5, 'Update', 'App\\Models\\Product', 4, 'App\\Models\\Product', 4, 'App\\Models\\Product', 4, '', 'finished', '', '2021-04-09 18:09:42', '2021-04-09 18:09:42', '[]', '[]'),
(140, '9327cea3-8952-4171-8ee7-5ef659e9c31b', 5, 'Attach', 'App\\Models\\Product', 4, 'App\\Models\\RawMaterial', 2, 'Illuminate\\Database\\Eloquent\\Relations\\Pivot', NULL, '', 'finished', '', '2021-04-09 18:09:58', '2021-04-09 18:09:58', NULL, '{\"product_id\":\"4\",\"raw_material_id\":\"2\",\"quantity\":\"50\"}'),
(141, '932928d9-9c5b-4c6f-b8d3-b09414d97992', 5, 'Create', 'App\\Models\\User', 13, 'App\\Models\\User', 13, 'App\\Models\\User', 13, '', 'finished', '', '2021-04-10 10:18:02', '2021-04-10 10:18:02', NULL, '{\"name\":\"Lait\",\"email\":\"lait@business.game\",\"type\":\"entreprise\",\"updated_at\":\"2021-04-10T10:18:02.000000Z\",\"created_at\":\"2021-04-10T10:18:02.000000Z\",\"id\":13}'),
(142, '932928ec-4c05-4daa-9ef7-41bc87d2306d', 5, 'Update', 'App\\Models\\User', 7, 'App\\Models\\User', 7, 'App\\Models\\User', 7, '', 'finished', '', '2021-04-10 10:18:15', '2021-04-10 10:18:15', '{\"password\":\"$2y$10$m8Q78g.L8zAZvqakXxTT3eLYa06U\\/yc5ttFJ3XzGfENrbohv7fYLm\"}', '{\"password\":\"$2y$10$dSp9BqbnbgGfxOGyxdI4duZcwGrCPXUHmksPjsNLrwVbEkzU3CPg6\"}'),
(143, '93292923-61aa-4545-b230-dc49e987dec2', 5, 'Update', 'App\\Models\\User', 12, 'App\\Models\\User', 12, 'App\\Models\\User', 12, '', 'finished', '', '2021-04-10 10:18:51', '2021-04-10 10:18:51', '{\"name\":\"Nabil\",\"email\":\"nabil@iec.com\",\"password\":\"$2y$10$KnYmPioR0zcmu8UYGMI3zuPtCxmbFIj6eO6Ibqzy9PSdIr8bufcfW\"}', '{\"name\":\"Farouk\",\"email\":\"farouk@iec.com\",\"password\":\"$2y$10$lgqgajq64gYbsWfHEO6yx.kwmpnuaD6mjmPua8GMWx23yca7SIgoG\"}'),
(144, '93292b0e-cefa-47e6-86bc-26e705b88bde', 5, 'Update', 'App\\Models\\User', 9, 'App\\Models\\User', 9, 'App\\Models\\User', 9, '', 'finished', '', '2021-04-10 10:24:13', '2021-04-10 10:24:13', '{\"email\":\"sofiane@business.game\",\"password\":\"$2y$10$C1EN1aoAueTvdhpYibyXOegjbW1qZeM7bqKRXZnq3FCfBFvawfXZa\"}', '{\"email\":\"fournisseur@business.game\",\"password\":\"$2y$10$E5DVeI2RgP\\/lGxS.kZuHe.W7LNPsLIf8beKj7yHjzexPHIGm\\/94YC\"}'),
(145, '93292cae-d642-4ba0-a006-0a1203b6d958', 5, 'Update', 'App\\Models\\Indicator', 12, 'App\\Models\\Indicator', 12, 'App\\Models\\Indicator', 12, '', 'finished', '', '2021-04-10 10:28:45', '2021-04-10 10:28:45', '{\"starting_value\":900000,\"is_financial\":1}', '{\"starting_value\":\"1000000\",\"is_financial\":true}'),
(146, '93292f53-1320-4da3-8684-38d7e626da5e', 5, 'Create', 'App\\Models\\User', 14, 'App\\Models\\User', 14, 'App\\Models\\User', 14, '', 'finished', '', '2021-04-10 10:36:09', '2021-04-10 10:36:09', NULL, '{\"name\":\"Yamina Inc\",\"email\":\"yamina@iec.com\",\"type\":\"entreprise\",\"updated_at\":\"2021-04-10T10:36:09.000000Z\",\"created_at\":\"2021-04-10T10:36:09.000000Z\",\"id\":14}'),
(147, '93293fdb-d5c9-4566-a9f4-4a6a9f4cb6de', 5, 'Update', 'App\\Models\\Indicator', 2, 'App\\Models\\Indicator', 2, 'App\\Models\\Indicator', 2, '', 'finished', '', '2021-04-10 11:22:23', '2021-04-10 11:22:23', '{\"name\":\"Nombre d\'Employ\\u00e9s\",\"is_financial\":0}', '{\"name\":\"Nombre d\'employ\\u00e9s\",\"is_financial\":false}'),
(148, '93293ff4-e570-4412-91c0-e6718e03fb41', 5, 'Update', 'App\\Models\\Indicator', 31, 'App\\Models\\Indicator', 31, 'App\\Models\\Indicator', 31, '', 'finished', '', '2021-04-10 11:22:39', '2021-04-10 11:22:39', '{\"name\":\"Humeur des empoly\\u00e9s\",\"is_financial\":0}', '{\"name\":\"Humeur des employ\\u00e9s\",\"is_financial\":false}'),
(149, '93294009-169c-451e-9073-ccc48c144aad', 5, 'Update', 'App\\Models\\Indicator', 28, 'App\\Models\\Indicator', 28, 'App\\Models\\Indicator', 28, '', 'finished', '', '2021-04-10 11:22:52', '2021-04-10 11:22:52', '{\"name\":\"Chiffre d\'Affaire du Produit 4\",\"is_financial\":0}', '{\"name\":\"Chiffre d\'Affaires du Produit 4\",\"is_financial\":false}'),
(150, '93294021-176f-4594-b9f8-acab13f38bb7', 5, 'Update', 'App\\Models\\Indicator', 27, 'App\\Models\\Indicator', 27, 'App\\Models\\Indicator', 27, '', 'finished', '', '2021-04-10 11:23:08', '2021-04-10 11:23:08', '{\"name\":\"Chiffre d\'Affaire du Produit 3\",\"is_financial\":0}', '{\"name\":\"Chiffre d\'Affaires du Produit 3\",\"is_financial\":false}'),
(151, '9329402b-e75e-4532-984f-b1b4708837a9', 5, 'Update', 'App\\Models\\Indicator', 26, 'App\\Models\\Indicator', 26, 'App\\Models\\Indicator', 26, '', 'finished', '', '2021-04-10 11:23:15', '2021-04-10 11:23:15', '{\"name\":\"Chiffre d\'Affaire du Produit 2\",\"is_financial\":0}', '{\"name\":\"Chiffre d\'Affaires du Produit 2\",\"is_financial\":false}'),
(152, '93294039-d524-490a-b37d-196dcc577e98', 5, 'Update', 'App\\Models\\Indicator', 25, 'App\\Models\\Indicator', 25, 'App\\Models\\Indicator', 25, '', 'finished', '', '2021-04-10 11:23:24', '2021-04-10 11:23:24', '{\"name\":\"Chiffre d\'Affaire du Produit 1\",\"is_financial\":0}', '{\"name\":\"Chiffre d\'Affaires du Produit 1\",\"is_financial\":false}'),
(153, '932941b7-64f5-4adf-9fbf-c2e084688de1', 5, 'Update', 'App\\Models\\Indicator', 2, 'App\\Models\\Indicator', 2, 'App\\Models\\Indicator', 2, '', 'finished', '', '2021-04-10 11:27:34', '2021-04-10 11:27:34', '{\"name\":\"Nombre d\'employ\\u00e9s\",\"is_financial\":0}', '{\"name\":\"Nombre d\'Employ\\u00e9s\",\"is_financial\":false}'),
(154, '932944d9-8ddb-48f3-87d2-465b71c99ceb', 5, 'Update', 'App\\Models\\User', 12, 'App\\Models\\User', 12, 'App\\Models\\User', 12, '', 'finished', '', '2021-04-10 11:36:20', '2021-04-10 11:36:20', '{\"name\":\"Farouk\",\"email\":\"farouk@iec.com\",\"password\":\"$2y$10$lgqgajq64gYbsWfHEO6yx.kwmpnuaD6mjmPua8GMWx23yca7SIgoG\"}', '{\"name\":\"Anes Bank\",\"email\":\"anes@iec.com\",\"password\":\"$2y$10$Y83X2oi\\/vKNc3.5lwn4R2OOHU5\\/OPicEBbEeyr8J6JrN2R1Lh11Gy\"}'),
(155, '93297262-e75e-424a-b487-98120a8161c0', 5, 'Update', 'App\\Models\\User', 3, 'App\\Models\\User', 3, 'App\\Models\\User', 3, '', 'finished', '', '2021-04-10 13:43:40', '2021-04-10 13:43:40', '{\"rate\":3}', '{\"rate\":\"1\"}'),
(156, '9329726e-2aa3-4b6f-b2f7-6afd6d6f3847', 5, 'Update', 'App\\Models\\User', 2, 'App\\Models\\User', 2, 'App\\Models\\User', 2, '', 'finished', '', '2021-04-10 13:43:47', '2021-04-10 13:43:47', '{\"rate\":1.2}', '{\"rate\":\"1\"}'),
(157, '93298614-3cb8-4cfa-a8cf-e405bb550a74', 5, 'Update', 'App\\Models\\Indicator', 9, 'App\\Models\\Indicator', 9, 'App\\Models\\Indicator', 9, '', 'finished', '', '2021-04-10 14:38:44', '2021-04-10 14:38:44', '{\"starting_value\":2,\"is_financial\":0}', '{\"starting_value\":\"10\",\"is_financial\":false}'),
(158, '932986ca-c05a-4fc2-bc7f-be7b4fd22cd5', 5, 'Update', 'App\\Models\\RawMaterial', 3, 'App\\Models\\RawMaterial', 3, 'App\\Models\\RawMaterial', 3, '', 'finished', '', '2021-04-10 14:40:43', '2021-04-10 14:40:43', '{\"price\":1700}', '{\"price\":\"600\"}'),
(159, '93298713-f615-4c96-9a77-71df2b8094a0', 5, 'Update', 'App\\Models\\RawMaterial', 4, 'App\\Models\\RawMaterial', 4, 'App\\Models\\RawMaterial', 4, '', 'finished', '', '2021-04-10 14:41:31', '2021-04-10 14:41:31', '{\"price\":2300}', '{\"price\":\"800\"}'),
(160, '93298780-5ab1-49ac-b981-5269425acbb1', 5, 'Update Attached', 'App\\Models\\Product', 1, 'App\\Models\\RawMaterial', 2, 'Illuminate\\Database\\Eloquent\\Relations\\Pivot', NULL, '', 'finished', '', '2021-04-10 14:42:42', '2021-04-10 14:42:42', '{\"quantity\":57.5}', '{\"quantity\":\"30\"}'),
(161, '932987f8-1ada-4c03-ab26-d588469e6996', 5, 'Update Attached', 'App\\Models\\Product', 2, 'App\\Models\\RawMaterial', 2, 'Illuminate\\Database\\Eloquent\\Relations\\Pivot', NULL, '', 'finished', '', '2021-04-10 14:44:01', '2021-04-10 14:44:01', '[]', '[]'),
(162, '9329faea-cea6-4177-a826-76ee1f56524f', 5, 'Update', 'App\\Models\\Indicator', 2, 'App\\Models\\Indicator', 2, 'App\\Models\\Indicator', 2, '', 'finished', '', '2021-04-10 20:05:26', '2021-04-10 20:05:26', '{\"starting_value\":20,\"is_financial\":0}', '{\"starting_value\":\"8\",\"is_financial\":false}'),
(163, '9329faf7-b937-48d2-a1e8-6536a0c72efe', 5, 'Update', 'App\\Models\\Indicator', 2, 'App\\Models\\Indicator', 2, 'App\\Models\\Indicator', 2, '', 'finished', '', '2021-04-10 20:05:34', '2021-04-10 20:05:34', '{\"is_financial\":0}', '{\"is_financial\":false}'),
(164, '9329fb10-950d-491f-9ec7-6f353571a62b', 5, 'Update', 'App\\Models\\Indicator', 12, 'App\\Models\\Indicator', 12, 'App\\Models\\Indicator', 12, '', 'finished', '', '2021-04-10 20:05:51', '2021-04-10 20:05:51', '{\"starting_value\":1000000,\"is_financial\":1}', '{\"starting_value\":\"9000000\",\"is_financial\":true}'),
(165, '9329fe61-0739-4e60-a87c-e165434918b3', 5, 'Update', 'App\\Models\\Product', 1, 'App\\Models\\Product', 1, 'App\\Models\\Product', 1, '', 'finished', '', '2021-04-10 20:15:07', '2021-04-10 20:15:07', '{\"description\":\"Le Lait BG est un bien n\\u00e9c\\u00e9ssaire qui est tr\\u00e8s demand\\u00e9, la demande de ce bien est inversement proportionelle \\u00e0 son prix, le marketing n\'est pas assez important.\"}', '{\"description\":\"Le lait BG est un produit n\\u00e9cessaire qui est tr\\u00e8s demand\\u00e9, la demande de ce bien est inversement proportionnelle \\u00e0 son prix, le marketing n\'est pas important.\"}'),
(166, '9329fe94-a9e4-44b8-892f-5f015a1711e2', 5, 'Update', 'App\\Models\\Product', 2, 'App\\Models\\Product', 2, 'App\\Models\\Product', 2, '', 'finished', '', '2021-04-10 20:15:40', '2021-04-10 20:15:40', '{\"description\":\"Le Camembert BG Extra est un d\\u00e9lice, il est consid\\u00e9r\\u00e9 comme un bien luxueux, sa demande depend fortement de son prix et du marketing de ce dernier.\"}', '{\"description\":\"Le camembert BG Extra est un d\\u00e9lice, il est consid\\u00e9r\\u00e9 comme un bien luxueux, sa demande depend fortement de son prix et du marketing de ce dernier.\"}'),
(167, '9329fed7-a606-4b08-8f64-756f0ad1073f', 5, 'Update Attached', 'App\\Models\\Product', 3, 'App\\Models\\RawMaterial', 2, 'Illuminate\\Database\\Eloquent\\Relations\\Pivot', NULL, '', 'finished', '', '2021-04-10 20:16:24', '2021-04-10 20:16:24', '{\"quantity\":7.5}', '{\"quantity\":\"5\"}'),
(168, '932a00a3-5d86-4e2f-92f8-327f73356425', 5, 'Update Attached', 'App\\Models\\Product', 4, 'App\\Models\\RawMaterial', 2, 'Illuminate\\Database\\Eloquent\\Relations\\Pivot', NULL, '', 'finished', '', '2021-04-10 20:21:26', '2021-04-10 20:21:26', '{\"quantity\":50}', '{\"quantity\":\"40\"}'),
(169, '932a2a54-e3ef-457a-a295-6af37e8b044c', 5, 'Create', 'App\\Models\\Indicator', 32, 'App\\Models\\Indicator', 32, 'App\\Models\\Indicator', 32, '', 'finished', '', '2021-04-10 22:18:01', '2021-04-10 22:18:01', NULL, '{\"name\":\"Score Finale\",\"code\":\"score_final\",\"starting_value\":\"0\",\"is_financial\":false,\"updated_at\":\"2021-04-10T22:18:01.000000Z\",\"created_at\":\"2021-04-10T22:18:01.000000Z\",\"id\":32}'),
(170, '932a2b36-721f-4cad-ad2b-95fa108fbff3', 5, 'Update', 'App\\Models\\Product', 3, 'App\\Models\\Product', 3, 'App\\Models\\Product', 3, '', 'finished', '', '2021-04-10 22:20:28', '2021-04-10 22:20:28', '{\"price_min\":10,\"price_max\":30,\"machine_units\":2,\"description\":\"Le Yaourt est largement demand\\u00e9 dans le march\\u00e9, cependant la demande varie fortement ssselon le prix de vente, le marketing est assez important pour ce produit.\"}', '{\"price_min\":\"20\",\"price_max\":\"40\",\"machine_units\":\"1\",\"description\":\"Le yaourt est largement demand\\u00e9 dans le march\\u00e9, cependant la demande varie fortement selon le prix de vente, le marketing est assez important pour ce produit.\"}'),
(171, '932af916-dc6f-44a8-95b2-b4040df757c9', 1, 'Create', 'App\\Models\\User', 2, 'App\\Models\\User', 2, 'App\\Models\\User', 2, '', 'finished', '', '2021-04-11 07:56:09', '2021-04-11 07:56:09', NULL, '{\"name\":\"Manou Admin\",\"email\":\"manou@bg.iec\",\"type\":null,\"updated_at\":\"2021-04-11T07:56:09.000000Z\",\"created_at\":\"2021-04-11T07:56:09.000000Z\",\"id\":2}'),
(172, '932afa01-ebec-44b0-b3fc-d6f6649f1774', 1, 'Create', 'App\\Models\\User', 3, 'App\\Models\\User', 3, 'App\\Models\\User', 3, '', 'finished', '', '2021-04-11 07:58:43', '2021-04-11 07:58:43', NULL, '{\"name\":\"Equipe 1\",\"email\":\"equipe1@bg.iec\",\"type\":\"entreprise\",\"updated_at\":\"2021-04-11T07:58:43.000000Z\",\"created_at\":\"2021-04-11T07:58:43.000000Z\",\"id\":3}'),
(173, '932afa35-08e8-4df9-a7a9-5181406402ab', 1, 'Create', 'App\\Models\\User', 4, 'App\\Models\\User', 4, 'App\\Models\\User', 4, '', 'finished', '', '2021-04-11 07:59:16', '2021-04-11 07:59:16', NULL, '{\"name\":\"Equipe 2\",\"email\":\"equipe2@bg.iec\",\"type\":null,\"updated_at\":\"2021-04-11T07:59:16.000000Z\",\"created_at\":\"2021-04-11T07:59:16.000000Z\",\"id\":4}'),
(174, '932afa5b-c412-4d95-9c53-9d2a7b88f5dc', 1, 'Create', 'App\\Models\\User', 5, 'App\\Models\\User', 5, 'App\\Models\\User', 5, '', 'finished', '', '2021-04-11 07:59:42', '2021-04-11 07:59:42', NULL, '{\"name\":\"Equipe 3\",\"email\":\"equipe3@bg.iec\",\"type\":null,\"updated_at\":\"2021-04-11T07:59:42.000000Z\",\"created_at\":\"2021-04-11T07:59:42.000000Z\",\"id\":5}'),
(175, '932afa83-c83a-442d-9c3b-745432f7822f', 1, 'Create', 'App\\Models\\User', 6, 'App\\Models\\User', 6, 'App\\Models\\User', 6, '', 'finished', '', '2021-04-11 08:00:08', '2021-04-11 08:00:08', NULL, '{\"name\":\"Equipe 4\",\"email\":\"equipe4@bg.iec\",\"type\":null,\"updated_at\":\"2021-04-11T08:00:08.000000Z\",\"created_at\":\"2021-04-11T08:00:08.000000Z\",\"id\":6}'),
(176, '932afb43-fc1c-4451-95ea-e298059b90bb', 1, 'Create', 'App\\Models\\User', 7, 'App\\Models\\User', 7, 'App\\Models\\User', 7, '', 'finished', '', '2021-04-11 08:02:14', '2021-04-11 08:02:14', NULL, '{\"name\":\"Equipe 5\",\"email\":\"equipe5@bg.iec\",\"type\":null,\"updated_at\":\"2021-04-11T08:02:14.000000Z\",\"created_at\":\"2021-04-11T08:02:14.000000Z\",\"id\":7}'),
(177, '932afb54-f0aa-49e6-a0e6-2da0c08395ac', 1, 'Update', 'App\\Models\\User', 7, 'App\\Models\\User', 7, 'App\\Models\\User', 7, '', 'finished', '', '2021-04-11 08:02:25', '2021-04-11 08:02:25', '{\"password\":\"$2y$10$cyaj.4LL42HvYpjQFa5Fb.KZMiuEbIrFy0YBoP0WL\\/7NKa4tMawtC\",\"type\":null}', '{\"password\":\"$2y$10$i\\/o3o87ainSM7oHzr\\/nJO.eWv0ARSHcreGzqo9418GuBs9Znf\\/ePm\",\"type\":\"entreprise\"}'),
(178, '932afb67-52c9-43ee-8ba0-a1e04643a749', 1, 'Update', 'App\\Models\\User', 4, 'App\\Models\\User', 4, 'App\\Models\\User', 4, '', 'finished', '', '2021-04-11 08:02:37', '2021-04-11 08:02:37', '{\"type\":null}', '{\"type\":\"entreprise\"}'),
(179, '932afba2-e3bb-4654-be5f-cfbb760b075d', 1, 'Update', 'App\\Models\\User', 5, 'App\\Models\\User', 5, 'App\\Models\\User', 5, '', 'finished', '', '2021-04-11 08:03:16', '2021-04-11 08:03:16', '{\"type\":null}', '{\"type\":\"entreprise\"}'),
(180, '932afbb1-8e90-4d4a-9db9-8c6c7c0ffe30', 1, 'Update', 'App\\Models\\User', 6, 'App\\Models\\User', 6, 'App\\Models\\User', 6, '', 'finished', '', '2021-04-11 08:03:26', '2021-04-11 08:03:26', '{\"type\":null}', '{\"type\":\"entreprise\"}'),
(181, '932afc0e-75d1-4706-af59-97313bb8aba6', 1, 'Create', 'App\\Models\\User', 8, 'App\\Models\\User', 8, 'App\\Models\\User', 8, '', 'finished', '', '2021-04-11 08:04:27', '2021-04-11 08:04:27', NULL, '{\"name\":\"Equipe 6\",\"email\":\"equipe6@bg.iec\",\"type\":\"entreprise\",\"updated_at\":\"2021-04-11T08:04:27.000000Z\",\"created_at\":\"2021-04-11T08:04:27.000000Z\",\"id\":8}'),
(182, '932afc4e-764b-4c36-9a05-06d908623b16', 1, 'Create', 'App\\Models\\User', 9, 'App\\Models\\User', 9, 'App\\Models\\User', 9, '', 'finished', '', '2021-04-11 08:05:09', '2021-04-11 08:05:09', NULL, '{\"name\":\"Equipe 7\",\"email\":\"equipe7@bg.iec\",\"type\":\"entreprise\",\"updated_at\":\"2021-04-11T08:05:09.000000Z\",\"created_at\":\"2021-04-11T08:05:09.000000Z\",\"id\":9}'),
(183, '932afc7d-915a-47b4-83d5-8ed0c946d957', 1, 'Create', 'App\\Models\\User', 10, 'App\\Models\\User', 10, 'App\\Models\\User', 10, '', 'finished', '', '2021-04-11 08:05:39', '2021-04-11 08:05:39', NULL, '{\"name\":\"Equipe 8\",\"email\":\"equipe8@bg.iec\",\"type\":\"entreprise\",\"updated_at\":\"2021-04-11T08:05:39.000000Z\",\"created_at\":\"2021-04-11T08:05:39.000000Z\",\"id\":10}'),
(184, '932afcb5-f1ee-4d01-847d-4071fc06d31f', 1, 'Create', 'App\\Models\\User', 11, 'App\\Models\\User', 11, 'App\\Models\\User', 11, '', 'finished', '', '2021-04-11 08:06:16', '2021-04-11 08:06:16', NULL, '{\"name\":\"Equipe 9\",\"email\":\"equipe9@bg.iec\",\"type\":\"entreprise\",\"updated_at\":\"2021-04-11T08:06:16.000000Z\",\"created_at\":\"2021-04-11T08:06:16.000000Z\",\"id\":11}'),
(185, '932afcf8-60ae-43ec-a8fc-64ece0fc4f8d', 1, 'Create', 'App\\Models\\User', 12, 'App\\Models\\User', 12, 'App\\Models\\User', 12, '', 'finished', '', '2021-04-11 08:07:00', '2021-04-11 08:07:00', NULL, '{\"name\":\"Equipe 10\",\"email\":\"equipe10@bg.iec\",\"type\":\"entreprise\",\"updated_at\":\"2021-04-11T08:07:00.000000Z\",\"created_at\":\"2021-04-11T08:07:00.000000Z\",\"id\":12}'),
(186, '932afdf2-990a-4356-a99b-69120e7c611a', 1, 'Create', 'App\\Models\\User', 13, 'App\\Models\\User', 13, 'App\\Models\\User', 13, '', 'finished', '', '2021-04-11 08:09:44', '2021-04-11 08:09:44', NULL, '{\"name\":\"Lina Incorporated\",\"email\":\"lina@bg.iec\",\"type\":\"supplier\",\"updated_at\":\"2021-04-11T08:09:44.000000Z\",\"created_at\":\"2021-04-11T08:09:44.000000Z\",\"id\":13}'),
(187, '932affbf-092d-46cd-8522-e1bd7b0c644d', 1, 'Create', 'App\\Models\\User', 14, 'App\\Models\\User', 14, 'App\\Models\\User', 14, '', 'finished', '', '2021-04-11 08:14:46', '2021-04-11 08:14:46', NULL, '{\"name\":\"Yamina Corporations\",\"email\":\"yamina@bg.iec\",\"type\":\"entreprise\",\"updated_at\":\"2021-04-11T08:14:46.000000Z\",\"created_at\":\"2021-04-11T08:14:46.000000Z\",\"id\":14}'),
(188, '932b003e-627a-4af0-bbe5-5947441d0f4d', 1, 'Update', 'App\\Models\\User', 14, 'App\\Models\\User', 14, 'App\\Models\\User', 14, '', 'finished', '', '2021-04-11 08:16:09', '2021-04-11 08:16:09', '{\"type\":\"entreprise\"}', '{\"type\":\"supplier\"}'),
(189, '932b0077-46d3-48f5-8f42-7031eb371163', 1, 'Create', 'App\\Models\\User', 15, 'App\\Models\\User', 15, 'App\\Models\\User', 15, '', 'finished', '', '2021-04-11 08:16:46', '2021-04-11 08:16:46', NULL, '{\"name\":\"yousra\",\"email\":\"yousra@bg.iec\",\"type\":\"supplier\",\"updated_at\":\"2021-04-11T08:16:46.000000Z\",\"created_at\":\"2021-04-11T08:16:46.000000Z\",\"id\":15}'),
(190, '932b00ad-1f1a-4511-9db9-b57311ef63f5', 1, 'Create', 'App\\Models\\User', 16, 'App\\Models\\User', 16, 'App\\Models\\User', 16, '', 'finished', '', '2021-04-11 08:17:22', '2021-04-11 08:17:22', NULL, '{\"name\":\"Anes Bank\",\"email\":\"anes@bg.iec\",\"type\":\"banker\",\"updated_at\":\"2021-04-11T08:17:22.000000Z\",\"created_at\":\"2021-04-11T08:17:22.000000Z\",\"id\":16}'),
(191, '932b0821-72c8-4bb0-9dfe-2353e607a164', 1, 'Create', 'App\\Models\\User', 17, 'App\\Models\\User', 17, 'App\\Models\\User', 17, '', 'finished', '', '2021-04-11 08:38:12', '2021-04-11 08:38:12', NULL, '{\"name\":\"Test Entreprise\",\"email\":\"test@bg.iec\",\"type\":\"entreprise\",\"updated_at\":\"2021-04-11T08:38:12.000000Z\",\"created_at\":\"2021-04-11T08:38:12.000000Z\",\"id\":17}'),
(192, '932b08ee-484f-404a-a271-79e471af749b', 1, 'Update', 'App\\Models\\User', 15, 'App\\Models\\User', 15, 'App\\Models\\User', 15, '', 'finished', '', '2021-04-11 08:40:27', '2021-04-11 08:40:27', '{\"rate\":null,\"ddl_min\":null,\"ddl_max\":null}', '{\"rate\":\"1\",\"ddl_min\":\"1\",\"ddl_max\":\"4\"}'),
(193, '932b090a-9e7f-4f33-9846-6c766c2a036d', 1, 'Update', 'App\\Models\\User', 14, 'App\\Models\\User', 14, 'App\\Models\\User', 14, '', 'finished', '', '2021-04-11 08:40:45', '2021-04-11 08:40:45', '{\"rate\":null,\"ddl_min\":null,\"ddl_max\":null}', '{\"rate\":\"1\",\"ddl_min\":\"2\",\"ddl_max\":\"3\"}'),
(194, '932b0938-5a8f-45af-a371-7c205078be08', 1, 'Update', 'App\\Models\\User', 13, 'App\\Models\\User', 13, 'App\\Models\\User', 13, '', 'finished', '', '2021-04-11 08:41:15', '2021-04-11 08:41:15', '{\"rate\":null,\"ddl_min\":null,\"ddl_max\":null}', '{\"rate\":\"1\",\"ddl_min\":\"1\",\"ddl_max\":\"4\"}'),
(195, '932b177c-9e9d-4868-a8c0-1af87a1a2a4f', 1, 'Update', 'App\\Models\\Product', 1, 'App\\Models\\Product', 1, 'App\\Models\\Product', 1, '', 'finished', '', '2021-04-11 09:21:09', '2021-04-11 09:21:09', '{\"left_demand\":144965}', '{\"left_demand\":\"150000\"}'),
(196, '932b179f-60f9-4bfb-b050-aa50062c4869', 1, 'Update', 'App\\Models\\Product', 2, 'App\\Models\\Product', 2, 'App\\Models\\Product', 2, '', 'finished', '', '2021-04-11 09:21:31', '2021-04-11 09:21:31', '{\"left_demand\":22245}', '{\"left_demand\":\"25000\"}'),
(197, '932b17c6-bc89-43b4-b64b-ff8ddc2fbb9f', 1, 'Update', 'App\\Models\\Product', 4, 'App\\Models\\Product', 4, 'App\\Models\\Product', 4, '', 'finished', '', '2021-04-11 09:21:57', '2021-04-11 09:21:57', '{\"left_demand\":79618}', '{\"left_demand\":\"80000\"}'),
(198, '932b1a27-f0c7-49f6-82c1-a26b18f471a8', 1, 'Update', 'App\\Models\\User', 13, 'App\\Models\\User', 13, 'App\\Models\\User', 13, '', 'finished', '', '2021-04-11 09:28:37', '2021-04-11 09:28:37', '{\"ddl_max\":4}', '{\"ddl_max\":\"1\"}'),
(199, '932b2945-902f-4c20-ae43-9327aef08089', 1, 'Update', 'App\\Models\\User', 3, 'App\\Models\\User', 3, 'App\\Models\\User', 3, '', 'finished', '', '2021-04-11 10:10:53', '2021-04-11 10:10:53', '{\"name\":\"Equipe 1\"}', '{\"name\":\"4Dus\"}'),
(200, '932b298a-2ade-4d45-825c-8821d226994f', 1, 'Update', 'App\\Models\\User', 4, 'App\\Models\\User', 4, 'App\\Models\\User', 4, '', 'finished', '', '2021-04-11 10:11:37', '2021-04-11 10:11:37', '{\"name\":\"Equipe 2\"}', '{\"name\":\"DI Leader\"}'),
(201, '932b29c5-6b6d-4f98-b647-20e7ed7ffd3a', 1, 'Update', 'App\\Models\\User', 5, 'App\\Models\\User', 5, 'App\\Models\\User', 5, '', 'finished', '', '2021-04-11 10:12:16', '2021-04-11 10:12:16', '{\"name\":\"Equipe 3\"}', '{\"name\":\"les 4 B\"}'),
(202, '932b29f0-9c2f-4a0b-aa70-99e984136f67', 1, 'Update', 'App\\Models\\User', 6, 'App\\Models\\User', 6, 'App\\Models\\User', 6, '', 'finished', '', '2021-04-11 10:12:45', '2021-04-11 10:12:45', '{\"name\":\"Equipe 4\"}', '{\"name\":\"Colimelle\"}'),
(203, '932b2a2f-7920-4ea2-a2e2-465295ba8fef', 1, 'Update', 'App\\Models\\User', 7, 'App\\Models\\User', 7, 'App\\Models\\User', 7, '', 'finished', '', '2021-04-11 10:13:26', '2021-04-11 10:13:26', '{\"name\":\"Equipe 5\"}', '{\"name\":\"Lloyd\'s\"}'),
(204, '932b2a57-aa3a-47dd-abf2-bde539ca8218', 1, 'Update', 'App\\Models\\User', 8, 'App\\Models\\User', 8, 'App\\Models\\User', 8, '', 'finished', '', '2021-04-11 10:13:52', '2021-04-11 10:13:52', '{\"name\":\"Equipe 6\"}', '{\"name\":\"Goal Diggers\"}'),
(205, '932b2a7b-c4c7-4531-bea2-c472c5e6d3ee', 1, 'Update', 'App\\Models\\User', 5, 'App\\Models\\User', 5, 'App\\Models\\User', 5, '', 'finished', '', '2021-04-11 10:14:16', '2021-04-11 10:14:16', '{\"name\":\"les 4 B\"}', '{\"name\":\"Les 4 B\"}'),
(206, '932b2a98-9543-4ced-8368-50d43fe6c2bc', 1, 'Update', 'App\\Models\\User', 9, 'App\\Models\\User', 9, 'App\\Models\\User', 9, '', 'finished', '', '2021-04-11 10:14:35', '2021-04-11 10:14:35', '{\"name\":\"Equipe 7\"}', '{\"name\":\"MilKey Prod\"}'),
(207, '932b2ab9-cf07-48e9-be90-85594d66ba18', 1, 'Update', 'App\\Models\\User', 10, 'App\\Models\\User', 10, 'App\\Models\\User', 10, '', 'finished', '', '2021-04-11 10:14:56', '2021-04-11 10:14:56', '{\"name\":\"Equipe 8\"}', '{\"name\":\"Viva Dairy\"}'),
(208, '932b2ad5-2f1a-4839-9112-c8091edfeb00', 1, 'Update', 'App\\Models\\User', 11, 'App\\Models\\User', 11, 'App\\Models\\User', 11, '', 'finished', '', '2021-04-11 10:15:14', '2021-04-11 10:15:14', '{\"name\":\"Equipe 9\"}', '{\"name\":\"Beoley\"}'),
(209, '932b2afb-7c24-43c1-ab39-09753821097a', 1, 'Update', 'App\\Models\\User', 12, 'App\\Models\\User', 12, 'App\\Models\\User', 12, '', 'finished', '', '2021-04-11 10:15:40', '2021-04-11 10:15:40', '{\"name\":\"Equipe 10\"}', '{\"name\":\"Sakuzoku\"}'),
(210, '932b2bd0-cfe7-4b6e-ba1d-dba63d6408e6', 1, 'Update', 'App\\Models\\Product', 1, 'App\\Models\\Product', 1, 'App\\Models\\Product', 1, '', 'finished', '', '2021-04-11 10:17:59', '2021-04-11 10:17:59', '{\"left_demand\":149810}', '{\"left_demand\":\"150000\"}'),
(211, '932b2c98-9941-4726-85bd-39e6200c011b', 1, 'Update', 'App\\Models\\Indicator', 14, 'App\\Models\\Indicator', 14, 'App\\Models\\Indicator', 14, '', 'finished', '', '2021-04-11 10:20:10', '2021-04-11 10:20:10', '{\"starting_value\":1,\"is_financial\":0}', '{\"starting_value\":\"0.75\",\"is_financial\":false}'),
(212, '932b2dff-4c4a-4a9d-ae0d-243a8152e4c4', 1, 'Update', 'App\\Models\\Indicator', 14, 'App\\Models\\Indicator', 14, 'App\\Models\\Indicator', 14, '', 'finished', '', '2021-04-11 10:24:05', '2021-04-11 10:24:05', '{\"starting_value\":0.75,\"is_financial\":0}', '{\"starting_value\":\"1\",\"is_financial\":false}'),
(213, '932b2e3e-5333-4972-8fa6-aad319fd0436', 1, 'Update', 'App\\Models\\User', 15, 'App\\Models\\User', 15, 'App\\Models\\User', 15, '', 'finished', '', '2021-04-11 10:24:47', '2021-04-11 10:24:47', '{\"name\":\"yousra\"}', '{\"name\":\"Yousra Inc\"}'),
(214, '932b521f-2ce0-4645-b274-d8ef29d42ffe', 17, 'Update', 'App\\Models\\User', 15, 'App\\Models\\User', 15, 'App\\Models\\User', 15, '', 'finished', '', '2021-04-11 12:05:06', '2021-04-11 12:05:06', '{\"rate\":1}', '{\"rate\":\"1.1\"}'),
(215, '932b526f-0fb0-4dc0-884b-2880439985d8', 17, 'Update', 'App\\Models\\User', 13, 'App\\Models\\User', 13, 'App\\Models\\User', 13, '', 'finished', '', '2021-04-11 12:05:58', '2021-04-11 12:05:58', '{\"rate\":1,\"ddl_max\":1}', '{\"rate\":\"1.2\",\"ddl_max\":\"3\"}'),
(216, '932b661e-180d-4348-8f4b-4895b01160e7', 2, 'Update', 'App\\Models\\Indicator', 20, 'App\\Models\\Indicator', 20, 'App\\Models\\Indicator', 20, '', 'finished', '', '2021-04-11 13:01:01', '2021-04-11 13:01:01', '{\"code\":\"event_presence\",\"is_financial\":0}', '{\"code\":\"events_presence\",\"is_financial\":false}'),
(217, '932b664b-5399-439d-967f-060869bc9333', 2, 'Update', 'App\\Models\\Indicator', 14, 'App\\Models\\Indicator', 14, 'App\\Models\\Indicator', 14, '', 'finished', '', '2021-04-11 13:01:30', '2021-04-11 13:01:30', '{\"starting_value\":1,\"is_financial\":0}', '{\"starting_value\":\"0.7\",\"is_financial\":false}'),
(218, '932b78cd-db2f-45a9-9604-d6ac53a60e16', 17, 'Update', 'App\\Models\\Product', 1, 'App\\Models\\Product', 1, 'App\\Models\\Product', 1, '', 'finished', '', '2021-04-11 13:53:16', '2021-04-11 13:53:16', '{\"avg_demand\":150000,\"left_demand\":149810}', '{\"avg_demand\":\"500000\",\"left_demand\":\"500000\"}'),
(219, '932b78f6-e3c6-42d5-9ae2-c56f68c791a0', 17, 'Update', 'App\\Models\\Product', 2, 'App\\Models\\Product', 2, 'App\\Models\\Product', 2, '', 'finished', '', '2021-04-11 13:53:43', '2021-04-11 13:53:43', '{\"avg_demand\":25000,\"left_demand\":25000}', '{\"avg_demand\":\"150000\",\"left_demand\":\"150000\"}'),
(220, '932b791b-c62a-45a4-bc4f-5cecbc2e8d30', 17, 'Update', 'App\\Models\\Product', 3, 'App\\Models\\Product', 3, 'App\\Models\\Product', 3, '', 'finished', '', '2021-04-11 13:54:07', '2021-04-11 13:54:07', '{\"avg_demand\":60000,\"left_demand\":60000}', '{\"avg_demand\":\"350000\",\"left_demand\":\"350000\"}'),
(221, '932b7940-c6a5-4ff5-b153-426888191f23', 17, 'Update', 'App\\Models\\Product', 4, 'App\\Models\\Product', 4, 'App\\Models\\Product', 4, '', 'finished', '', '2021-04-11 13:54:31', '2021-04-11 13:54:31', '{\"avg_demand\":80000,\"left_demand\":80000}', '{\"avg_demand\":\"400000\",\"left_demand\":\"400000\"}'),
(222, '932b7a25-79ac-417a-8e35-224966c7d4be', 4, 'Delete', 'App\\Models\\User', 17, 'App\\Models\\User', 17, 'App\\Models\\User', 17, '', 'finished', '', '2021-04-11 13:57:01', '2021-04-11 13:57:01', NULL, NULL),
(223, '932b81cf-a0a7-403d-a607-f37a20de367e', 2, 'Update', 'App\\Models\\User', 15, 'App\\Models\\User', 15, 'App\\Models\\User', 15, '', 'finished', '', '2021-04-11 14:18:27', '2021-04-11 14:18:27', '{\"rate\":1.1}', '{\"rate\":\"1\"}'),
(224, '932b81e7-a59a-4e82-8b49-048fa2b8fada', 2, 'Update', 'App\\Models\\User', 13, 'App\\Models\\User', 13, 'App\\Models\\User', 13, '', 'finished', '', '2021-04-11 14:18:43', '2021-04-11 14:18:43', '{\"rate\":1.2}', '{\"rate\":\"1\"}'),
(225, '932bc35d-59ac-44c1-9a90-d1bb375188e7', 1, 'Update', 'App\\Models\\Product', 2, 'App\\Models\\Product', 2, 'App\\Models\\Product', 2, '', 'finished', '', '2021-04-11 17:21:45', '2021-04-11 17:21:45', '{\"left_demand\":-3524}', '{\"left_demand\":\"1500000\"}'),
(226, '932bc378-67ff-4e8a-9d55-5777811e837c', 1, 'Update', 'App\\Models\\Product', 2, 'App\\Models\\Product', 2, 'App\\Models\\Product', 2, '', 'finished', '', '2021-04-11 17:22:03', '2021-04-11 17:22:03', '{\"left_demand\":1500000}', '{\"left_demand\":\"150000\"}'),
(227, '932d4bc3-4926-48bb-97f4-48e3bb7b8d0c', 7, 'Update', 'App\\Models\\Indicator', 12, 'App\\Models\\Indicator', 12, 'App\\Models\\Indicator', 12, '', 'finished', '', '2021-04-12 11:38:59', '2021-04-12 11:38:59', '{\"starting_value\":9000000,\"is_financial\":1}', '{\"starting_value\":\"2000000\",\"is_financial\":true}'),
(228, '932d5345-5b06-4d5f-a971-562431c36fc7', 7, 'Delete', 'App\\Models\\User', 3, 'App\\Models\\User', 3, 'App\\Models\\User', 3, '', 'finished', '', '2021-04-12 11:59:58', '2021-04-12 11:59:58', NULL, NULL),
(229, '932d5345-a735-465d-885f-71028b147a88', 7, 'Delete', 'App\\Models\\User', 6, 'App\\Models\\User', 6, 'App\\Models\\User', 6, '', 'finished', '', '2021-04-12 11:59:58', '2021-04-12 11:59:58', NULL, NULL),
(230, '932d5345-f577-4a06-acbc-9e0df7125464', 7, 'Delete', 'App\\Models\\User', 8, 'App\\Models\\User', 8, 'App\\Models\\User', 8, '', 'finished', '', '2021-04-12 11:59:59', '2021-04-12 11:59:59', NULL, NULL),
(231, '932d5346-3b1f-4d49-85c9-27d5d8d3a9c4', 7, 'Delete', 'App\\Models\\User', 9, 'App\\Models\\User', 9, 'App\\Models\\User', 9, '', 'finished', '', '2021-04-12 11:59:59', '2021-04-12 11:59:59', NULL, NULL),
(232, '932d5346-ff51-43c0-ac9a-e164a66f9be1', 7, 'Delete', 'App\\Models\\User', 12, 'App\\Models\\User', 12, 'App\\Models\\User', 12, '', 'finished', '', '2021-04-12 11:59:59', '2021-04-12 11:59:59', NULL, NULL),
(233, '932d5500-2800-4a0c-a645-bd2d1548e6c1', 7, 'Update', 'App\\Models\\User', 15, 'App\\Models\\User', 15, 'App\\Models\\User', 15, '', 'finished', '', '2021-04-12 12:04:48', '2021-04-12 12:04:48', '[]', '[]'),
(234, '932d5512-a1e6-4b30-a560-5021b088d70b', 7, 'Update', 'App\\Models\\User', 14, 'App\\Models\\User', 14, 'App\\Models\\User', 14, '', 'finished', '', '2021-04-12 12:05:00', '2021-04-12 12:05:00', '{\"rate\":1}', '{\"rate\":\"1.05\"}'),
(235, '932d552d-3e8c-47d9-a293-4d44ac935045', 7, 'Update', 'App\\Models\\User', 13, 'App\\Models\\User', 13, 'App\\Models\\User', 13, '', 'finished', '', '2021-04-12 12:05:18', '2021-04-12 12:05:18', '{\"rate\":1}', '{\"rate\":\"1.08\"}'),
(236, '932d5a50-6c0c-4b02-a7fa-85c530a70d17', 7, 'Update', 'App\\Models\\Product', 2, 'App\\Models\\Product', 2, 'App\\Models\\Product', 2, '', 'finished', '', '2021-04-12 12:19:40', '2021-04-12 12:19:40', '{\"machine_units\":2}', '{\"machine_units\":\"4\"}'),
(237, '932d5e1e-eaf6-4e74-883f-3459f1543735', 7, 'Update', 'App\\Models\\Product', 3, 'App\\Models\\Product', 3, 'App\\Models\\Product', 3, '', 'finished', '', '2021-04-12 12:30:18', '2021-04-12 12:30:18', '{\"name\":\"Yaourt BG Aromatis\\u00e9\",\"price_min\":20,\"price_max\":40,\"machine_units\":1,\"left_demand\":204710}', '{\"name\":\"Yaourt BG Bio\",\"price_min\":\"30\",\"price_max\":\"50\",\"machine_units\":\"2\",\"left_demand\":\"350000\"}'),
(238, '932d5ea7-7d2a-4fe3-9ba3-e37dc146fd39', 7, 'Update Attached', 'App\\Models\\Product', 3, 'App\\Models\\RawMaterial', 2, 'Illuminate\\Database\\Eloquent\\Relations\\Pivot', NULL, '', 'finished', '', '2021-04-12 12:31:48', '2021-04-12 12:31:48', '{\"quantity\":5}', '{\"quantity\":\"20\"}'),
(239, '932d5eb1-65e7-4365-9e34-3adf83bc9932', 7, 'Detach', 'App\\Models\\Product', 3, 'App\\Models\\RawMaterial', 3, 'Illuminate\\Database\\Eloquent\\Relations\\Pivot', NULL, '', 'finished', '', '2021-04-12 12:31:54', '2021-04-12 12:31:54', NULL, NULL),
(240, '932d5eb9-2b1a-4e4c-912f-bd19c61e9ad5', 7, 'Detach', 'App\\Models\\Product', 3, 'App\\Models\\RawMaterial', 4, 'Illuminate\\Database\\Eloquent\\Relations\\Pivot', NULL, '', 'finished', '', '2021-04-12 12:32:00', '2021-04-12 12:32:00', NULL, NULL),
(241, '932d5ec6-2430-4a14-b40a-b887f9df721e', 7, 'Update Attached', 'App\\Models\\Product', 3, 'App\\Models\\RawMaterial', 1, 'Illuminate\\Database\\Eloquent\\Relations\\Pivot', NULL, '', 'finished', '', '2021-04-12 12:32:08', '2021-04-12 12:32:08', '{\"quantity\":0.7}', '{\"quantity\":\"5\"}'),
(242, '932d5f03-646e-4245-a187-738f94b6c48e', 2, 'Create', 'App\\Models\\User', 18, 'App\\Models\\User', 18, 'App\\Models\\User', 18, '', 'finished', '', '2021-04-12 12:32:48', '2021-04-12 12:32:48', NULL, '{\"name\":\"test\",\"email\":\"test@iec.com\",\"type\":\"entreprise\",\"updated_at\":\"2021-04-12T12:32:48.000000Z\",\"created_at\":\"2021-04-12T12:32:48.000000Z\",\"id\":18}'),
(243, '932d60a5-3712-4ed2-95c7-38e2198a4104', 1, 'Update', 'App\\Models\\Product', 3, 'App\\Models\\Product', 3, 'App\\Models\\Product', 3, '', 'finished', '', '2021-04-12 12:37:22', '2021-04-12 12:37:22', '{\"price_min\":30,\"price_max\":50}', '{\"price_min\":\"20\",\"price_max\":\"40\"}'),
(244, '932d63a6-7f98-427f-a0ee-e40a0dc88a6c', 2, 'Delete', 'App\\Models\\User', 18, 'App\\Models\\User', 18, 'App\\Models\\User', 18, '', 'finished', '', '2021-04-12 12:45:46', '2021-04-12 12:45:46', NULL, NULL),
(245, '95acfb6e-9285-4f82-969a-6adda98aa84e', 1, 'Update', 'App\\Models\\User', 4, 'App\\Models\\User', 4, 'App\\Models\\User', 4, '', 'finished', '', '2022-02-24 11:24:12', '2022-02-24 11:24:12', '{\"name\":\"DI Leader\",\"email\":\"equipe2@bg.iec\",\"password\":\"$2y$10$NZUiaiP0qmWyC9Hzn35Lz.zpnuZXpRxQIhrxm2J0tPr4X4DvRQDrK\"}', '{\"name\":\"Fares\",\"email\":\"fares@bg.iec\",\"password\":\"$2y$10$.0SLHPEVme4QhYfGv4EZ8OGnmCN0wzjOl19sY8J9r\\/FlU37Kw66mG\"}'),
(246, '95acfbb4-8d9a-419d-9eac-ae26de7e6884', 1, 'Update', 'App\\Models\\User', 5, 'App\\Models\\User', 5, 'App\\Models\\User', 5, '', 'finished', '', '2022-02-24 11:24:58', '2022-02-24 11:24:58', '{\"name\":\"Les 4 B\",\"email\":\"equipe3@bg.iec\",\"password\":\"$2y$10$LA9os\\/\\/hUL.ItApNbSVGEusqNmR.o3EnGy8U16lJMNBmDBXBoaLfO\"}', '{\"name\":\"sofiane\",\"email\":\"sofiane@bg.iec\",\"password\":\"$2y$10$fJTnBxC1UeupMUbch8cni.r3Wqw8lYjhAU0t9yWPFGNPXSqPdviRO\"}'),
(247, '95acfbf8-df44-4761-8eee-c57c5b5477e4', 1, 'Update', 'App\\Models\\User', 7, 'App\\Models\\User', 7, 'App\\Models\\User', 7, '', 'finished', '', '2022-02-24 11:25:43', '2022-02-24 11:25:43', '{\"name\":\"Lloyd\'s\",\"email\":\"equipe5@bg.iec\",\"password\":\"$2y$10$i\\/o3o87ainSM7oHzr\\/nJO.eWv0ARSHcreGzqo9418GuBs9Znf\\/ePm\"}', '{\"name\":\"Raihane\",\"email\":\"raihane@bg.iec\",\"password\":\"$2y$10$GpkzwJY60qNhOjU2ADruLOhrUTgwgGImn9az9I68tNr2i1mpWyTSC\"}'),
(248, '95acfc59-4bf3-47b0-af66-0cb4aa649314', 1, 'Update', 'App\\Models\\User', 10, 'App\\Models\\User', 10, 'App\\Models\\User', 10, '', 'finished', '', '2022-02-24 11:26:46', '2022-02-24 11:26:46', '{\"name\":\"Viva Dairy\",\"email\":\"equipe8@bg.iec\",\"password\":\"$2y$10$NWrIRTiC\\/r2ARM7KpYQDWuwz\\/Z0X03e3o8ELMgDcJsN7kUPVyfOty\"}', '{\"name\":\"Aymen\",\"email\":\"aymen@bg.iec\",\"password\":\"$2y$10$CZucz6wh3kywYoD1SMKltu8ciVgel3ty8rGs7PeeGL8619gsbW2.2\"}'),
(249, '95acfcb4-d22e-4644-80af-cf4aa2a4b4e2', 1, 'Update', 'App\\Models\\User', 11, 'App\\Models\\User', 11, 'App\\Models\\User', 11, '', 'finished', '', '2022-02-24 11:27:46', '2022-02-24 11:27:46', '{\"name\":\"Beoley\",\"email\":\"equipe9@bg.iec\",\"password\":\"$2y$10$vZXOTrsKyITCeTSWUzJpRu.Sy8Jy0pqpmJBBMks1PFdONXmDZiBt.\"}', '{\"name\":\"haithem\",\"email\":\"haithem@bg.iec\",\"password\":\"$2y$10$j3jm3lvcBlUbHVmnw1YAEedYe5Yor\\/euhDon4NKIWXM\\/aYWP6rtk2\"}'),
(250, '95acfd0c-2cde-4d70-981f-c02adbe88917', 1, 'Update', 'App\\Models\\User', 13, 'App\\Models\\User', 13, 'App\\Models\\User', 13, '', 'finished', '', '2022-02-24 11:28:43', '2022-02-24 11:28:43', '{\"name\":\"Lina Incorporated\",\"email\":\"lina@bg.iec\",\"password\":\"$2y$10$D.pb4OZkBd50nO3KYJTQteuiomKX2pHV\\/SIoqtgd8flmhuvpuDbxO\",\"type\":\"supplier\"}', '{\"name\":\"Ryad\",\"email\":\"ryad@bg.iec\",\"password\":\"$2y$10$lHyI7mabedEmVjM0JtCCLub\\/kgLhsnGET7oFSayYUZtj36isvunUq\",\"type\":\"entreprise\"}'),
(251, '95acfda2-9fe0-4efb-ac3d-fbc46b41efaa', 1, 'Update', 'App\\Models\\User', 14, 'App\\Models\\User', 14, 'App\\Models\\User', 14, '', 'finished', '', '2022-02-24 11:30:22', '2022-02-24 11:30:22', '{\"name\":\"Yamina Corporations\",\"email\":\"yamina@bg.iec\",\"password\":\"$2y$10$H9cEzfjNdd8YpM2LFOdO6Opjdy3xOeiCrXF9CWs2131UDPo9oN9eW\"}', '{\"name\":\"sihem\",\"email\":\"sihem@bg.iec\",\"password\":\"$2y$10$xiCY4U3Ys.xENacDU9YZ5e3LEZG2gvnw797aDfb\\/o8cSKtx59QApq\"}'),
(252, '95acfdb5-5c75-48bc-9a76-537359e062ea', 1, 'Update', 'App\\Models\\User', 14, 'App\\Models\\User', 14, 'App\\Models\\User', 14, '', 'finished', '', '2022-02-24 11:30:34', '2022-02-24 11:30:34', '{\"type\":\"supplier\"}', '{\"type\":\"entreprise\"}'),
(253, '95ad0403-1af7-4e74-bdfe-56e891c45a85', 1, 'Update', 'App\\Models\\User', 14, 'App\\Models\\User', 14, 'App\\Models\\User', 14, '', 'finished', '', '2022-02-24 11:48:11', '2022-02-24 11:48:11', '[]', '[]'),
(254, '95ad07ad-f653-4e23-9bca-8be80158b6ca', 1, 'Update', 'App\\Models\\User', 2, 'App\\Models\\User', 2, 'App\\Models\\User', 2, '', 'finished', '', '2022-02-24 11:58:27', '2022-02-24 11:58:27', '{\"name\":\"Manou Admin\",\"email\":\"manou@bg.iec\",\"password\":\"$2y$10$i5zKN4PgxBvjHjFL.Tzo8Om1XTEnhRa2SlLjZHastBwakbRD4v3FW\",\"type\":\"admin\"}', '{\"name\":\"smail\",\"email\":\"smail@bg.iec\",\"password\":\"$2y$10$wcwdkleqeQ9pXzBFdLs33eQEsjr\\/l2H3uGvQi\\/CfakvbPRkGVK.ky\",\"type\":\"entreprise\"}'),
(255, '95ad07c3-fb99-4e52-a058-250dc3d2023d', 1, 'Delete', 'App\\Models\\User', 16, 'App\\Models\\User', 16, 'App\\Models\\User', 16, '', 'finished', '', '2022-02-24 11:58:41', '2022-02-24 11:58:41', NULL, NULL),
(256, '95ad081b-14e9-4ad3-9eb9-4fdda33afcea', 1, 'Update', 'App\\Models\\User', 15, 'App\\Models\\User', 15, 'App\\Models\\User', 15, '', 'finished', '', '2022-02-24 11:59:38', '2022-02-24 11:59:38', '{\"name\":\"Yousra Inc\",\"password\":\"$2y$10$bqF4PkU9AHK9RkUjpMJyie5A7ZKhLO5x4dRXJEH10OzacbdjBFXRu\"}', '{\"name\":\"yousra\",\"password\":\"$2y$10$Ow.Qsvrr2Z3mZyrCqIOmEuzhlFkKXt1L.VdRPmP3eRASt07VWiiJC\"}'),
(257, '95ad086d-c6ab-4c36-ae79-9dea490ba278', 1, 'Create', 'App\\Models\\User', 19, 'App\\Models\\User', 19, 'App\\Models\\User', 19, '', 'finished', '', '2022-02-24 12:00:32', '2022-02-24 12:00:32', NULL, '{\"name\":\"ouassim\",\"email\":\"ouassim@bg.iec\",\"type\":\"supplier\",\"updated_at\":\"2022-02-24T12:00:32.000000Z\",\"created_at\":\"2022-02-24T12:00:32.000000Z\",\"id\":19}'),
(258, '95ad2921-231d-47e5-8e83-6c068ebcbabe', 1, 'Update', 'App\\Models\\User', 19, 'App\\Models\\User', 19, 'App\\Models\\User', 19, '', 'finished', '', '2022-02-24 13:31:59', '2022-02-24 13:31:59', '{\"rate\":null,\"ddl_min\":null,\"ddl_max\":null}', '{\"rate\":\"1.2\",\"ddl_min\":\"1\",\"ddl_max\":\"6\"}'),
(259, '95ca52a2-0d35-40da-889b-c025064a622c', 2, 'Create', 'App\\Models\\Indicator', 33, 'App\\Models\\Indicator', 33, 'App\\Models\\Indicator', 33, '', 'finished', '', '2022-03-11 01:27:03', '2022-03-11 01:27:03', NULL, '{\"name\":\"Employ\\u00e9s occup\\u00e9s\",\"code\":\"nb_workers_busy\",\"starting_value\":\"0\",\"is_financial\":false,\"updated_at\":\"2022-03-11T01:27:02.000000Z\",\"created_at\":\"2022-03-11T01:27:02.000000Z\",\"id\":33}'),
(260, '95cc6046-b275-42f4-a906-657dedb6e9df', 2, 'Create', 'App\\Models\\Indicator', 34, 'App\\Models\\Indicator', 34, 'App\\Models\\Indicator', 34, '', 'finished', '', '2022-03-12 01:56:51', '2022-03-12 01:56:51', NULL, '{\"name\":\"Machines - Niveau 2\",\"code\":\"nb_machines_lv2\",\"starting_value\":\"0\",\"is_financial\":false,\"updated_at\":\"2022-03-12T01:56:50.000000Z\",\"created_at\":\"2022-03-12T01:56:50.000000Z\",\"id\":34}'),
(261, '95cc606c-ff61-4062-a870-e8fe9ca5167e', 2, 'Create', 'App\\Models\\Indicator', 35, 'App\\Models\\Indicator', 35, 'App\\Models\\Indicator', 35, '', 'finished', '', '2022-03-12 01:57:16', '2022-03-12 01:57:16', NULL, '{\"name\":\"Machines Occup\\u00e9es - Niveau 2\",\"code\":\"nb_machines_lv2_busy\",\"starting_value\":\"0\",\"is_financial\":false,\"updated_at\":\"2022-03-12T01:57:16.000000Z\",\"created_at\":\"2022-03-12T01:57:16.000000Z\",\"id\":35}'),
(262, '95cc609a-8d4c-4af9-968d-7c6f8c21479e', 2, 'Create', 'App\\Models\\Indicator', 36, 'App\\Models\\Indicator', 36, 'App\\Models\\Indicator', 36, '', 'finished', '', '2022-03-12 01:57:46', '2022-03-12 01:57:46', NULL, '{\"name\":\"Machines - Niveau 3\",\"code\":\"nb_machines_lv3\",\"starting_value\":\"0\",\"is_financial\":false,\"updated_at\":\"2022-03-12T01:57:46.000000Z\",\"created_at\":\"2022-03-12T01:57:46.000000Z\",\"id\":36}'),
(263, '95cc60b1-b922-4648-806c-b275ce3ad97d', 2, 'Create', 'App\\Models\\Indicator', 37, 'App\\Models\\Indicator', 37, 'App\\Models\\Indicator', 37, '', 'finished', '', '2022-03-12 01:58:01', '2022-03-12 01:58:01', NULL, '{\"name\":\"Machines Occup\\u00e9es - Niveau 3\",\"code\":\"nb_machines_lv3_busy\",\"starting_value\":\"0.01\",\"is_financial\":false,\"updated_at\":\"2022-03-12T01:58:01.000000Z\",\"created_at\":\"2022-03-12T01:58:01.000000Z\",\"id\":37}'),
(264, '95cc60c1-c837-4b2c-9c98-c177b9158af7', 2, 'Update', 'App\\Models\\Indicator', 37, 'App\\Models\\Indicator', 37, 'App\\Models\\Indicator', 37, '', 'finished', '', '2022-03-12 01:58:11', '2022-03-12 01:58:11', '{\"starting_value\":0.01,\"is_financial\":0}', '{\"starting_value\":\"0\",\"is_financial\":false}'),
(265, '95cc6225-476d-404e-b3ed-7b5802c91636', 2, 'Create', 'App\\Models\\Indicator', 38, 'App\\Models\\Indicator', 38, 'App\\Models\\Indicator', 38, '', 'finished', '', '2022-03-12 02:02:04', '2022-03-12 02:02:04', NULL, '{\"name\":\"Employ\\u00e9s - Niveau 2\",\"code\":\"nb_workers_lv2\",\"starting_value\":\"0\",\"is_financial\":false,\"updated_at\":\"2022-03-12T02:02:04.000000Z\",\"created_at\":\"2022-03-12T02:02:04.000000Z\",\"id\":38}'),
(266, '95cc6244-8e77-4b61-998f-e500543787bd', 2, 'Create', 'App\\Models\\Indicator', 39, 'App\\Models\\Indicator', 39, 'App\\Models\\Indicator', 39, '', 'finished', '', '2022-03-12 02:02:25', '2022-03-12 02:02:25', NULL, '{\"name\":\"Employ\\u00e9s Occup\\u00e9s - Niveau 2\",\"code\":\"nb_workers_lv2_busy\",\"starting_value\":\"0\",\"is_financial\":false,\"updated_at\":\"2022-03-12T02:02:25.000000Z\",\"created_at\":\"2022-03-12T02:02:25.000000Z\",\"id\":39}'),
(267, '95d03842-a176-405d-85f5-a388c14653a9', 2, 'Create', 'App\\Models\\Indicator', 40, 'App\\Models\\Indicator', 40, 'App\\Models\\Indicator', 40, '', 'finished', '', '2022-03-13 23:48:17', '2022-03-13 23:48:17', NULL, '{\"name\":\"Sant\\u00e9 machines - Niveau 1\",\"code\":\"machines_lv1_health\",\"starting_value\":\"1\",\"is_financial\":false,\"updated_at\":\"2022-03-13T23:48:15.000000Z\",\"created_at\":\"2022-03-13T23:48:15.000000Z\",\"id\":40}'),
(268, '95d0386d-4212-4b2a-95a1-d02c334e6cfb', 2, 'Create', 'App\\Models\\Indicator', 41, 'App\\Models\\Indicator', 41, 'App\\Models\\Indicator', 41, '', 'finished', '', '2022-03-13 23:48:44', '2022-03-13 23:48:44', NULL, '{\"name\":\"Sant\\u00e9 machines - Niveau 2\",\"code\":\"machines_lv2_health\",\"starting_value\":\"1\",\"is_financial\":false,\"updated_at\":\"2022-03-13T23:48:44.000000Z\",\"created_at\":\"2022-03-13T23:48:44.000000Z\",\"id\":41}'),
(269, '95d03887-8774-4f17-b6fe-0888415aed97', 2, 'Create', 'App\\Models\\Indicator', 42, 'App\\Models\\Indicator', 42, 'App\\Models\\Indicator', 42, '', 'finished', '', '2022-03-13 23:49:01', '2022-03-13 23:49:01', NULL, '{\"name\":\"Sant\\u00e9 machines - Niveau 3\",\"code\":\"machines_lv3_health\",\"starting_value\":\"1\",\"is_financial\":false,\"updated_at\":\"2022-03-13T23:49:01.000000Z\",\"created_at\":\"2022-03-13T23:49:01.000000Z\",\"id\":42}'),
(270, '95d067bf-f00c-46cb-9a2c-cd89af1db8ce', 2, 'Update', 'App\\Models\\RawMaterial', 1, 'App\\Models\\RawMaterial', 1, 'App\\Models\\RawMaterial', 1, '', 'finished', '', '2022-03-14 02:01:03', '2022-03-14 02:01:03', '{\"volume\":0}', '{\"volume\":\"1\"}'),
(271, '95d0680d-47d3-4bd7-8e3b-b8c8d63362bc', 2, 'Update', 'App\\Models\\RawMaterial', 2, 'App\\Models\\RawMaterial', 2, 'App\\Models\\RawMaterial', 2, '', 'finished', '', '2022-03-14 02:01:54', '2022-03-14 02:01:54', '{\"volume\":0}', '{\"volume\":\"5\"}'),
(272, '95d09dc9-59a6-4d27-ad77-899215630501', 2, 'Update', 'App\\Models\\RawMaterial', 3, 'App\\Models\\RawMaterial', 3, 'App\\Models\\RawMaterial', 3, '', 'finished', '', '2022-03-14 04:32:09', '2022-03-14 04:32:09', '{\"volume\":0}', '{\"volume\":\"2\"}'),
(273, '95d09de0-26f9-4c19-9072-6ce304b0597d', 2, 'Update', 'App\\Models\\RawMaterial', 4, 'App\\Models\\RawMaterial', 4, 'App\\Models\\RawMaterial', 4, '', 'finished', '', '2022-03-14 04:32:24', '2022-03-14 04:32:24', '{\"volume\":0}', '{\"volume\":\"2\"}'),
(274, '95d1600a-6f7f-4ebe-8a0f-072a992ac2c2', 2, 'Create', 'App\\Models\\User', 21, 'App\\Models\\User', 21, 'App\\Models\\User', 21, '', 'finished', '', '2022-03-14 13:35:21', '2022-03-14 13:35:21', NULL, '{\"name\":\"Rayane\",\"email\":\"rayane@bg.iec\",\"type\":\"banker\",\"updated_at\":\"2022-03-14T13:35:19.000000Z\",\"created_at\":\"2022-03-14T13:35:19.000000Z\",\"id\":21}'),
(275, '95d24258-87cb-4755-944c-e73cfd787c52', 2, 'Create', 'App\\Models\\Indicator', 43, 'App\\Models\\Indicator', 43, 'App\\Models\\Indicator', 43, '', 'finished', '', '2022-03-15 00:08:08', '2022-03-15 00:08:08', NULL, '{\"name\":\"5S - Jour\",\"code\":\"5s_day\",\"starting_value\":\"30\",\"is_financial\":false,\"updated_at\":\"2022-03-15T00:08:07.000000Z\",\"created_at\":\"2022-03-15T00:08:07.000000Z\",\"id\":43}'),
(276, '95d5c5af-de3a-404e-988f-db18c06d6e06', 2, 'Create', 'App\\Models\\Indicator', 44, 'App\\Models\\Indicator', 44, 'App\\Models\\Indicator', 44, '', 'finished', '', '2022-03-16 18:02:52', '2022-03-16 18:02:52', NULL, '{\"name\":\"Nombre employ\\u00e9s \\u00e0 embaucher\",\"code\":\"nb_workers_to_hire\",\"starting_value\":\"0\",\"is_financial\":false,\"updated_at\":\"2022-03-16T18:02:51.000000Z\",\"created_at\":\"2022-03-16T18:02:51.000000Z\",\"id\":44}'),
(277, '95f26e6e-68ae-44ad-b8d0-603a4b6d50f2', 2, 'Update', 'App\\Models\\Supplier', 1, 'App\\Models\\Supplier', 1, 'App\\Models\\Supplier', 1, '', 'finished', '', '2022-03-30 23:57:53', '2022-03-30 23:57:53', '{\"name\":\"Supplier\",\"foreign\":0}', '{\"name\":\"Supplier 1\",\"foreign\":false}'),
(279, '95f26fd6-2c6c-4fa4-8da1-2f411114129b', 2, 'Attach', 'App\\Models\\Supplier', 1, 'App\\Models\\RawMaterial', 1, 'Illuminate\\Database\\Eloquent\\Relations\\Pivot', NULL, '', 'finished', '', '2022-03-31 00:01:49', '2022-03-31 00:01:49', NULL, '{\"supplier_id\":\"1\",\"raw_material_id\":\"1\",\"price_factor\":\"0.9\",\"quantity_available\":\"50000\",\"time_to_deliver\":\"5\"}'),
(280, '95f270f4-3fe4-4b6e-9ee1-8ca37b3b3b24', 2, 'Update', 'App\\Models\\RawMaterial', 4, 'App\\Models\\RawMaterial', 4, 'App\\Models\\RawMaterial', 4, '', 'finished', '', '2022-03-31 00:04:56', '2022-03-31 00:04:56', '{\"volume\":0}', '{\"volume\":\"1\"}'),
(281, '95f2712e-2bbe-44b6-86b5-7076305caf47', 2, 'Update', 'App\\Models\\RawMaterial', 3, 'App\\Models\\RawMaterial', 3, 'App\\Models\\RawMaterial', 3, '', 'finished', '', '2022-03-31 00:05:34', '2022-03-31 00:05:34', '{\"volume\":0}', '{\"volume\":\"1\"}'),
(282, '95f27155-8ff8-4ffd-8712-123cfd61572f', 2, 'Update', 'App\\Models\\RawMaterial', 2, 'App\\Models\\RawMaterial', 2, 'App\\Models\\RawMaterial', 2, '', 'finished', '', '2022-03-31 00:06:00', '2022-03-31 00:06:00', '{\"volume\":0}', '{\"volume\":\"3\"}'),
(283, '95f27178-621b-4b36-bcc2-450f38cd91d3', 2, 'Update', 'App\\Models\\RawMaterial', 1, 'App\\Models\\RawMaterial', 1, 'App\\Models\\RawMaterial', 1, '', 'finished', '', '2022-03-31 00:06:23', '2022-03-31 00:06:23', '{\"volume\":0}', '{\"volume\":\"2\"}'),
(284, '95f61d5f-2345-4f8d-ad93-f3b6eb0fee3c', 2, 'Update', 'App\\Models\\Product', 4, 'App\\Models\\Product', 4, 'App\\Models\\Product', 4, '', 'finished', '', '2022-04-01 19:54:32', '2022-04-01 19:54:32', '{\"prod_speed_factor\":0}', '{\"prod_speed_factor\":\"1.1\"}'),
(285, '95f62088-935a-4f19-ab0f-92f762acab13', 2, 'Update', 'App\\Models\\Product', 3, 'App\\Models\\Product', 3, 'App\\Models\\Product', 3, '', 'finished', '', '2022-04-01 20:03:23', '2022-04-01 20:03:23', '{\"prod_speed_factor\":0}', '{\"prod_speed_factor\":\"0.9\"}'),
(286, '95f620a8-d0b1-4b4e-98ca-64a739f344d1', 2, 'Update', 'App\\Models\\Product', 2, 'App\\Models\\Product', 2, 'App\\Models\\Product', 2, '', 'finished', '', '2022-04-01 20:03:44', '2022-04-01 20:03:44', '{\"prod_speed_factor\":0}', '{\"prod_speed_factor\":\"1.2\"}');
INSERT INTO `action_events` (`id`, `batch_id`, `user_id`, `name`, `actionable_type`, `actionable_id`, `target_type`, `target_id`, `model_type`, `model_id`, `fields`, `status`, `exception`, `created_at`, `updated_at`, `original`, `changes`) VALUES
(287, '95f620e1-b556-4e7a-841f-cc96ef892ac5', 2, 'Update', 'App\\Models\\Product', 1, 'App\\Models\\Product', 1, 'App\\Models\\Product', 1, '', 'finished', '', '2022-04-01 20:04:21', '2022-04-01 20:04:21', '{\"prod_speed_factor\":0}', '{\"prod_speed_factor\":\"0.8\"}'),
(288, '95f62979-8afb-419f-89e6-1db4922678c1', 2, 'Update', 'App\\Models\\Product', 4, 'App\\Models\\Product', 4, 'App\\Models\\Product', 4, '', 'finished', '', '2022-04-01 20:28:23', '2022-04-01 20:28:23', '{\"unit_prod_price\":0}', '{\"unit_prod_price\":\"10\"}'),
(289, '95f62b1b-d2a7-49fc-92e9-01eafa404528', 2, 'Update', 'App\\Models\\Product', 3, 'App\\Models\\Product', 3, 'App\\Models\\Product', 3, '', 'finished', '', '2022-04-01 20:32:57', '2022-04-01 20:32:57', '{\"unit_prod_price\":0}', '{\"unit_prod_price\":\"2\"}'),
(290, '95f62b3a-7bd2-4ed3-847f-cae2ffd0ce25', 2, 'Update', 'App\\Models\\Product', 2, 'App\\Models\\Product', 2, 'App\\Models\\Product', 2, '', 'finished', '', '2022-04-01 20:33:17', '2022-04-01 20:33:17', '{\"unit_prod_price\":0}', '{\"unit_prod_price\":\"30\"}'),
(291, '95f62b56-1adc-4bb5-a073-0a9649b91e06', 2, 'Update', 'App\\Models\\Product', 1, 'App\\Models\\Product', 1, 'App\\Models\\Product', 1, '', 'finished', '', '2022-04-01 20:33:35', '2022-04-01 20:33:35', '{\"unit_prod_price\":0}', '{\"unit_prod_price\":\"5\"}'),
(292, '95f7dd4a-9e0a-491f-973c-1591433b0b36', 2, 'Update Attached', 'App\\Models\\Supplier', 1, 'App\\Models\\RawMaterial', 1, 'Illuminate\\Database\\Eloquent\\Relations\\Pivot', NULL, '', 'finished', '', '2022-04-02 16:47:01', '2022-04-02 16:47:01', '{\"is_available\":1}', '{\"is_available\":false}'),
(293, '95f7fb3e-3bb7-49de-8b12-0e9f2565b21c', 2, 'Update Attached', 'App\\Models\\Supplier', 1, 'App\\Models\\RawMaterial', 1, 'Illuminate\\Database\\Eloquent\\Relations\\Pivot', NULL, '', 'finished', '', '2022-04-02 18:10:46', '2022-04-02 18:10:46', '{\"is_available\":0}', '{\"is_available\":true}'),
(294, '95f8465d-94ca-4502-9624-dcfcaf5a629d', 2, 'Attach', 'App\\Models\\Supplier', 1, 'App\\Models\\RawMaterial', 2, 'Illuminate\\Database\\Eloquent\\Relations\\Pivot', NULL, '', 'finished', '', '2022-04-02 21:40:50', '2022-04-02 21:40:50', NULL, '{\"supplier_id\":\"1\",\"raw_material_id\":\"2\",\"price_factor\":\"1\",\"is_available\":true,\"time_to_deliver\":\"2\"}'),
(295, '95fe03e3-0998-4ded-9e40-c607b32f128c', 2, 'Create', 'App\\Models\\NotificationText', 1, 'App\\Models\\NotificationText', 1, 'App\\Models\\NotificationText', 1, '', 'finished', '', '2022-04-05 18:09:54', '2022-04-05 18:09:54', NULL, '{\"code\":\"code_test\",\"text\":\"test\",\"updated_at\":\"2022-04-05T18:09:54.000000Z\",\"created_at\":\"2022-04-05T18:09:54.000000Z\",\"id\":1}'),
(296, '95fe3a74-e77e-459f-8c17-affe1ee8b84e', 2, 'Create', 'App\\Models\\NotificationText', 1, 'App\\Models\\NotificationText', 1, 'App\\Models\\NotificationText', 1, '', 'finished', '', '2022-04-05 20:42:30', '2022-04-05 20:42:30', NULL, '{\"code\":\"AAA\",\"text\":\"AAA\",\"updated_at\":\"2022-04-05T20:42:29.000000Z\",\"created_at\":\"2022-04-05T20:42:29.000000Z\",\"id\":1}'),
(297, '95fe4318-8d70-41ce-bc87-ed782319c160', 2, 'Create', 'App\\Models\\NotificationText', 1, 'App\\Models\\NotificationText', 1, 'App\\Models\\NotificationText', 1, '', 'finished', '', '2022-04-05 21:06:39', '2022-04-05 21:06:39', NULL, '{\"code\":\"AAA\",\"text\":\"AAA\",\"updated_at\":\"2022-04-05T21:06:39.000000Z\",\"created_at\":\"2022-04-05T21:06:39.000000Z\",\"id\":1}'),
(298, '95fe66a6-6516-4282-a108-f0d3615bed6a', 2, 'Create', 'App\\Models\\NotificationText', 1, 'App\\Models\\NotificationText', 1, 'App\\Models\\NotificationText', 1, '', 'finished', '', '2022-04-05 22:46:04', '2022-04-05 22:46:04', NULL, '{\"code\":\"workers_quitting\",\"text\":\"Attention, vos employ\\u00e9s quittent l\'entreprise.\",\"updated_at\":\"2022-04-05T22:46:03.000000Z\",\"created_at\":\"2022-04-05T22:46:03.000000Z\",\"id\":1}'),
(299, '95fe6ade-c507-4a8a-8b9d-fffadc4f625d', 2, 'Create', 'App\\Models\\NotificationTitle', 1, 'App\\Models\\NotificationTitle', 1, 'App\\Models\\NotificationTitle', 1, '', 'finished', '', '2022-04-05 22:57:52', '2022-04-05 22:57:52', NULL, '{\"code\":\"workers_quitting\",\"text\":\"AAAA\",\"updated_at\":\"2022-04-05T22:57:52.000000Z\",\"created_at\":\"2022-04-05T22:57:52.000000Z\",\"id\":1}'),
(300, '95fe6b1a-fba4-48e7-82ec-2a2926762e9a', 2, 'Create', 'App\\Models\\Icon', 1, 'App\\Models\\Icon', 1, 'App\\Models\\Icon', 1, '', 'finished', '', '2022-04-05 22:58:31', '2022-04-05 22:58:31', NULL, '{\"code\":\"t\",\"path\":\"fghh\",\"updated_at\":\"2022-04-05T22:58:31.000000Z\",\"created_at\":\"2022-04-05T22:58:31.000000Z\",\"id\":1}'),
(301, '95fe6df5-0a00-49f3-8979-e12fc63ac185', 2, 'Delete', 'App\\Models\\NotificationText', 1, 'App\\Models\\NotificationText', 1, 'App\\Models\\NotificationText', 1, '', 'finished', '', '2022-04-05 23:06:30', '2022-04-05 23:06:30', NULL, NULL),
(302, '95fe6e00-b098-49c1-85db-34530f35f69d', 2, 'Create', 'App\\Models\\NotificationText', 2, 'App\\Models\\NotificationText', 2, 'App\\Models\\NotificationText', 2, '', 'finished', '', '2022-04-05 23:06:37', '2022-04-05 23:06:37', NULL, '{\"code\":\"aaa\",\"text\":\"aaa\",\"updated_at\":\"2022-04-05T23:06:37.000000Z\",\"created_at\":\"2022-04-05T23:06:37.000000Z\",\"id\":2}'),
(303, '95fe91c6-8b7c-4bef-94ac-b56af0c02381', 2, 'Create', 'App\\Models\\NotificationText', 1, 'App\\Models\\NotificationText', 1, 'App\\Models\\NotificationText', 1, '', 'finished', '', '2022-04-06 00:46:39', '2022-04-06 00:46:39', NULL, '{\"code\":\"command_done\",\"text\":\"Livraison de la commande\",\"updated_at\":\"2022-04-06T00:46:39.000000Z\",\"created_at\":\"2022-04-06T00:46:39.000000Z\",\"id\":1}'),
(304, '95fe91ec-8bf4-4323-839b-425c6912f22e', 2, 'Update', 'App\\Models\\NotificationText', 1, 'App\\Models\\NotificationText', 1, 'App\\Models\\NotificationText', 1, '', 'finished', '', '2022-04-06 00:47:04', '2022-04-06 00:47:04', '{\"text\":\"Livraison de la commande\"}', '{\"text\":\"Commande effectu\\u00e9e. Livraison en cours...\"}'),
(305, '95fe920a-1327-44be-91ef-c971fda0e655', 2, 'Create', 'App\\Models\\NotificationTitle', 1, 'App\\Models\\NotificationTitle', 1, 'App\\Models\\NotificationTitle', 1, '', 'finished', '', '2022-04-06 00:47:23', '2022-04-06 00:47:23', NULL, '{\"code\":\"command_done\",\"text\":\"Commande r\\u00e9ussie\",\"updated_at\":\"2022-04-06T00:47:23.000000Z\",\"created_at\":\"2022-04-06T00:47:23.000000Z\",\"id\":1}'),
(306, '95fe925b-44b0-489a-a930-2fb227fc8333', 2, 'Create', 'App\\Models\\Icon', 1, 'App\\Models\\Icon', 1, 'App\\Models\\Icon', 1, '', 'finished', '', '2022-04-06 00:48:16', '2022-04-06 00:48:16', NULL, '{\"code\":\"command\",\"path\":\"aaa\",\"updated_at\":\"2022-04-06T00:48:16.000000Z\",\"created_at\":\"2022-04-06T00:48:16.000000Z\",\"id\":1}'),
(307, '961c1f6b-5990-47c8-ab2a-028df1ea1aec', 4, 'Update', 'App\\Models\\RawMaterial', 3, 'App\\Models\\RawMaterial', 3, 'App\\Models\\RawMaterial', 3, '', 'finished', '', '2022-04-20 17:21:44', '2022-04-20 17:21:44', '[]', '[]'),
(308, '961c1f8a-0bb1-48ff-8c92-e4d0e307c1a8', 4, 'Attach', 'App\\Models\\RawMaterial', 3, 'App\\Models\\Supplier', 1, 'Illuminate\\Database\\Eloquent\\Relations\\Pivot', NULL, '', 'finished', '', '2022-04-20 17:22:03', '2022-04-20 17:22:03', NULL, '{\"raw_material_id\":\"3\",\"supplier_id\":\"1\",\"price_factor\":\"1\",\"is_available\":true,\"time_to_deliver\":\"1\"}'),
(309, '961c239d-674b-461a-9ef6-873920bc0e57', 4, 'Update Attached', 'App\\Models\\RawMaterial', 1, 'App\\Models\\Supplier', 1, 'Illuminate\\Database\\Eloquent\\Relations\\Pivot', NULL, '', 'finished', '', '2022-04-20 17:33:27', '2022-04-20 17:33:27', '{\"is_available\":1,\"time_to_deliver\":5}', '{\"is_available\":true,\"time_to_deliver\":\"1\"}'),
(310, '96229a2f-8a65-435d-ad50-06d3e6bd0b44', 2, 'Create', 'App\\Models\\GameSetting', 1, 'App\\Models\\GameSetting', 1, 'App\\Models\\GameSetting', 1, '', 'finished', '', '2022-04-23 22:39:58', '2022-04-23 22:39:58', NULL, '{\"name\":\"AAA\",\"code\":\"aaa\",\"value\":\"1\",\"default_value\":\"0\",\"updated_at\":\"2022-04-23T22:39:58.000000Z\",\"created_at\":\"2022-04-23T22:39:58.000000Z\",\"id\":1}'),
(311, '96229b97-c81c-441f-9549-352916c5cb26', 2, 'Delete', 'App\\Models\\GameSetting', 1, 'App\\Models\\GameSetting', 1, 'App\\Models\\GameSetting', 1, '', 'finished', '', '2022-04-23 22:43:54', '2022-04-23 22:43:54', NULL, NULL),
(312, '96229dcc-ce6e-494c-a727-336a4b0dee03', 2, 'Create', 'App\\Models\\GameSetting', 2, 'App\\Models\\GameSetting', 2, 'App\\Models\\GameSetting', 2, '', 'finished', '', '2022-04-23 22:50:05', '2022-04-23 22:50:05', NULL, '{\"name\":\"Salaire employ\\u00e9s niveau 1\",\"code\":\"salary_lv1\",\"value\":\"1000\",\"default_value\":\"1000\",\"updated_at\":\"2022-04-23T22:50:04.000000Z\",\"created_at\":\"2022-04-23T22:50:04.000000Z\",\"id\":2}'),
(313, '96229f4a-8d04-4e45-9843-0068f6a9c6cd', 2, 'Create', 'App\\Models\\GameSetting', 3, 'App\\Models\\GameSetting', 3, 'App\\Models\\GameSetting', 3, '', 'finished', '', '2022-04-23 22:54:15', '2022-04-23 22:54:15', NULL, '{\"name\":\"Salaire employ\\u00e9s niveau 2\",\"code\":\"salary_lv2\",\"value\":\"2500\",\"default_value\":\"2500\",\"updated_at\":\"2022-04-23T22:54:15.000000Z\",\"created_at\":\"2022-04-23T22:54:15.000000Z\",\"id\":3}'),
(314, '9622ab31-e1a5-4cdf-ab37-3486aafa72ca', 2, 'Create', 'App\\Models\\GameSetting', 4, 'App\\Models\\GameSetting', 4, 'App\\Models\\GameSetting', 4, '', 'finished', '', '2022-04-23 23:27:32', '2022-04-23 23:27:32', NULL, '{\"name\":\"Prix formation\",\"code\":\"workshop_price\",\"value\":\"9000\",\"default_value\":\"9000\",\"updated_at\":\"2022-04-23T23:27:32.000000Z\",\"created_at\":\"2022-04-23T23:27:32.000000Z\",\"id\":4}'),
(315, '9622ab51-fe35-4ce1-9a0a-41d950052c13', 2, 'Create', 'App\\Models\\GameSetting', 5, 'App\\Models\\GameSetting', 5, 'App\\Models\\GameSetting', 5, '', 'finished', '', '2022-04-23 23:27:53', '2022-04-23 23:27:53', NULL, '{\"name\":\"Coefficient prime\",\"code\":\"bonus_coeff\",\"value\":\"2\",\"default_value\":\"2\",\"updated_at\":\"2022-04-23T23:27:53.000000Z\",\"created_at\":\"2022-04-23T23:27:53.000000Z\",\"id\":5}'),
(316, '9622ab7a-d81b-4adb-989d-f8b37edbe0ab', 2, 'Create', 'App\\Models\\GameSetting', 6, 'App\\Models\\GameSetting', 6, 'App\\Models\\GameSetting', 6, '', 'finished', '', '2022-04-23 23:28:20', '2022-04-23 23:28:20', NULL, '{\"name\":\"Seuil humeur pour quitter\",\"code\":\"mood_quitting_threshold\",\"value\":\"0.2\",\"default_value\":\"0.2\",\"updated_at\":\"2022-04-23T23:28:20.000000Z\",\"created_at\":\"2022-04-23T23:28:20.000000Z\",\"id\":6}'),
(317, '9622abf4-de90-498e-bf0f-c9dc0c2a3c69', 2, 'Create', 'App\\Models\\GameSetting', 7, 'App\\Models\\GameSetting', 7, 'App\\Models\\GameSetting', 7, '', 'finished', '', '2022-04-23 23:29:40', '2022-04-23 23:29:40', NULL, '{\"name\":\"Probabilit\\u00e9 de d\\u00e9mission\",\"code\":\"quitting_prob\",\"value\":\"0\",\"default_value\":\"0.1\",\"updated_at\":\"2022-04-23T23:29:40.000000Z\",\"created_at\":\"2022-04-23T23:29:40.000000Z\",\"id\":7}'),
(318, '9622ac69-8738-45a4-9e8a-cf1300f703f6', 2, 'Create', 'App\\Models\\GameSetting', 8, 'App\\Models\\GameSetting', 8, 'App\\Models\\GameSetting', 8, '', 'finished', '', '2022-04-23 23:30:56', '2022-04-23 23:30:56', NULL, '{\"name\":\"Probabilit\\u00e9 d\'embaucher\",\"code\":\"hiring_prob\",\"value\":\"0.8\",\"default_value\":\"0.8\",\"updated_at\":\"2022-04-23T23:30:56.000000Z\",\"created_at\":\"2022-04-23T23:30:56.000000Z\",\"id\":8}'),
(319, '9622accd-c1b9-4ca1-a3f7-5d82386678b5', 2, 'Create', 'App\\Models\\GameSetting', 9, 'App\\Models\\GameSetting', 9, 'App\\Models\\GameSetting', 9, '', 'finished', '', '2022-04-23 23:32:02', '2022-04-23 23:32:02', NULL, '{\"name\":\"Vitesse r\\u00e9duction humeur employ\\u00e9s\",\"code\":\"workers_mood_decay_rate\",\"value\":\"0.05\",\"default_value\":\"0.1\",\"updated_at\":\"2022-04-23T23:32:02.000000Z\",\"created_at\":\"2022-04-23T23:32:02.000000Z\",\"id\":9}'),
(320, '9622acf9-29d0-4c60-a2cc-4b9d1bf60a41', 2, 'Create', 'App\\Models\\GameSetting', 10, 'App\\Models\\GameSetting', 10, 'App\\Models\\GameSetting', 10, '', 'finished', '', '2022-04-23 23:32:30', '2022-04-23 23:32:30', NULL, '{\"name\":\"Prix machines niveau 1\",\"code\":\"machines_lv1_price\",\"value\":\"40000\",\"default_value\":\"40000\",\"updated_at\":\"2022-04-23T23:32:30.000000Z\",\"created_at\":\"2022-04-23T23:32:30.000000Z\",\"id\":10}'),
(321, '9622ad18-a9b5-4378-b26f-b5c5615cb106', 2, 'Create', 'App\\Models\\GameSetting', 11, 'App\\Models\\GameSetting', 11, 'App\\Models\\GameSetting', 11, '', 'finished', '', '2022-04-23 23:32:51', '2022-04-23 23:32:51', NULL, '{\"name\":\"Prix machines niveau 2\",\"code\":\"machines_lv2_price\",\"value\":\"60000\",\"default_value\":\"60000\",\"updated_at\":\"2022-04-23T23:32:51.000000Z\",\"created_at\":\"2022-04-23T23:32:51.000000Z\",\"id\":11}'),
(322, '9622ad60-0ddd-4808-8bc4-34e6bac9cd8a', 2, 'Create', 'App\\Models\\GameSetting', 12, 'App\\Models\\GameSetting', 12, 'App\\Models\\GameSetting', 12, '', 'finished', '', '2022-04-23 23:33:38', '2022-04-23 23:33:38', NULL, '{\"name\":\"Prix machines niveau 3\",\"code\":\"machines_lv3_price\",\"value\":\"80000\",\"default_value\":\"80000\",\"updated_at\":\"2022-04-23T23:33:38.000000Z\",\"created_at\":\"2022-04-23T23:33:38.000000Z\",\"id\":12}'),
(323, '9622ad87-655b-4772-864a-2da11131f469', 2, 'Create', 'App\\Models\\GameSetting', 13, 'App\\Models\\GameSetting', 13, 'App\\Models\\GameSetting', 13, '', 'finished', '', '2022-04-23 23:34:03', '2022-04-23 23:34:03', NULL, '{\"name\":\"Vitesse machines niveau 1\",\"code\":\"machines_lv1_speed\",\"value\":\"1\",\"default_value\":\"1\",\"updated_at\":\"2022-04-23T23:34:03.000000Z\",\"created_at\":\"2022-04-23T23:34:03.000000Z\",\"id\":13}'),
(324, '9622ad9c-c612-40ab-8efe-89ec472d0c6c', 2, 'Create', 'App\\Models\\GameSetting', 14, 'App\\Models\\GameSetting', 14, 'App\\Models\\GameSetting', 14, '', 'finished', '', '2022-04-23 23:34:17', '2022-04-23 23:34:17', NULL, '{\"name\":\"Vitesse machines niveau 2\",\"code\":\"machines_lv1_speed\",\"value\":\"2\",\"default_value\":\"2\",\"updated_at\":\"2022-04-23T23:34:17.000000Z\",\"created_at\":\"2022-04-23T23:34:17.000000Z\",\"id\":14}'),
(325, '9622adb0-1b7b-4d5f-9d0e-f530023db717', 2, 'Create', 'App\\Models\\GameSetting', 15, 'App\\Models\\GameSetting', 15, 'App\\Models\\GameSetting', 15, '', 'finished', '', '2022-04-23 23:34:30', '2022-04-23 23:34:30', NULL, '{\"name\":\"Vitesse machines niveau 3\",\"code\":\"machines_lv3_speed\",\"value\":\"3\",\"default_value\":\"3\",\"updated_at\":\"2022-04-23T23:34:30.000000Z\",\"created_at\":\"2022-04-23T23:34:30.000000Z\",\"id\":15}'),
(326, '9622ade9-e492-4004-b285-cd98fba01eb7', 2, 'Create', 'App\\Models\\GameSetting', 16, 'App\\Models\\GameSetting', 16, 'App\\Models\\GameSetting', 16, '', 'finished', '', '2022-04-23 23:35:08', '2022-04-23 23:35:08', NULL, '{\"name\":\"Pollution machines niveau 1\",\"code\":\"machines_lv1_pollution\",\"value\":\"3\",\"default_value\":\"3\",\"updated_at\":\"2022-04-23T23:35:08.000000Z\",\"created_at\":\"2022-04-23T23:35:08.000000Z\",\"id\":16}'),
(327, '9622ae0d-4ccd-4a4e-b5b4-5a1b231bb15b', 2, 'Create', 'App\\Models\\GameSetting', 17, 'App\\Models\\GameSetting', 17, 'App\\Models\\GameSetting', 17, '', 'finished', '', '2022-04-23 23:35:31', '2022-04-23 23:35:31', NULL, '{\"name\":\"Pollution machines niveau 2\",\"code\":\"machines_lv2_pollution\",\"value\":\"2\",\"default_value\":\"2\",\"updated_at\":\"2022-04-23T23:35:31.000000Z\",\"created_at\":\"2022-04-23T23:35:31.000000Z\",\"id\":17}'),
(328, '9622ae2f-433c-4de0-b44e-81d9e40aa704', 2, 'Create', 'App\\Models\\GameSetting', 18, 'App\\Models\\GameSetting', 18, 'App\\Models\\GameSetting', 18, '', 'finished', '', '2022-04-23 23:35:53', '2022-04-23 23:35:53', NULL, '{\"name\":\"Pollution machines niveau 3\",\"code\":\"machines_lv3_pollution\",\"value\":\"1\",\"default_value\":\"1\",\"updated_at\":\"2022-04-23T23:35:53.000000Z\",\"created_at\":\"2022-04-23T23:35:53.000000Z\",\"id\":18}'),
(329, '9622ae76-9772-4617-8ffd-54fd76c20ac5', 2, 'Create', 'App\\Models\\GameSetting', 19, 'App\\Models\\GameSetting', 19, 'App\\Models\\GameSetting', 19, '', 'finished', '', '2022-04-23 23:36:40', '2022-04-23 23:36:40', NULL, '{\"name\":\"Durabilit\\u00e9 machines niveau 1\",\"code\":\"machines_lv1_durability\",\"value\":\"0.05\",\"default_value\":\"0.05\",\"updated_at\":\"2022-04-23T23:36:40.000000Z\",\"created_at\":\"2022-04-23T23:36:40.000000Z\",\"id\":19}'),
(330, '9622ae95-6f15-4b7a-a91c-062afd7848e8', 2, 'Create', 'App\\Models\\GameSetting', 20, 'App\\Models\\GameSetting', 20, 'App\\Models\\GameSetting', 20, '', 'finished', '', '2022-04-23 23:37:00', '2022-04-23 23:37:00', NULL, '{\"name\":\"Durabilit\\u00e9 machines niveau 2\",\"code\":\"machines_lv2_durability\",\"value\":\"0.03\",\"default_value\":\"0.01\",\"updated_at\":\"2022-04-23T23:37:00.000000Z\",\"created_at\":\"2022-04-23T23:37:00.000000Z\",\"id\":20}'),
(331, '9622aeca-fd46-48f5-8654-4f1f85bf8a13', 2, 'Update', 'App\\Models\\GameSetting', 20, 'App\\Models\\GameSetting', 20, 'App\\Models\\GameSetting', 20, '', 'finished', '', '2022-04-23 23:37:35', '2022-04-23 23:37:35', '{\"default_value\":\"0.01\"}', '{\"default_value\":\"0.03\"}'),
(332, '9622aeee-37a4-4550-b7c7-b6daf3211ed6', 2, 'Update', 'App\\Models\\GameSetting', 14, 'App\\Models\\GameSetting', 14, 'App\\Models\\GameSetting', 14, '', 'finished', '', '2022-04-23 23:37:59', '2022-04-23 23:37:59', '{\"code\":\"machines_lv1_speed\"}', '{\"code\":\"machines_lv2_speed\"}'),
(333, '9622af36-01c5-48e1-a5e7-2165b11c0053', 2, 'Create', 'App\\Models\\GameSetting', 21, 'App\\Models\\GameSetting', 21, 'App\\Models\\GameSetting', 21, '', 'finished', '', '2022-04-23 23:38:46', '2022-04-23 23:38:46', NULL, '{\"name\":\"Durabilit\\u00e9 machines niveau 3\",\"code\":\"machines_lv3_durability\",\"value\":\"0.01\",\"default_value\":\"0.01\",\"updated_at\":\"2022-04-23T23:38:46.000000Z\",\"created_at\":\"2022-04-23T23:38:46.000000Z\",\"id\":21}'),
(334, '9622afa2-102a-45e2-a196-3afe6389257e', 2, 'Create', 'App\\Models\\GameSetting', 22, 'App\\Models\\GameSetting', 22, 'App\\Models\\GameSetting', 22, '', 'finished', '', '2022-04-23 23:39:56', '2022-04-23 23:39:56', NULL, '{\"name\":\"Cout unitaire de distribution\",\"code\":\"dist_unit_cost\",\"value\":\"5\",\"default_value\":\"5\",\"updated_at\":\"2022-04-23T23:39:56.000000Z\",\"created_at\":\"2022-04-23T23:39:56.000000Z\",\"id\":22}'),
(335, '9622afc6-abd3-474b-a548-1b01f6b85fcd', 2, 'Create', 'App\\Models\\GameSetting', 23, 'App\\Models\\GameSetting', 23, 'App\\Models\\GameSetting', 23, '', 'finished', '', '2022-04-23 23:40:20', '2022-04-23 23:40:20', NULL, '{\"name\":\"Cout unitaire pollution\",\"code\":\"pollution_unit_cost\",\"value\":\"1000\",\"default_value\":\"1000\",\"updated_at\":\"2022-04-23T23:40:20.000000Z\",\"created_at\":\"2022-04-23T23:40:20.000000Z\",\"id\":23}'),
(336, '9622b011-1b41-43c6-b5b6-08e3fc92efe9', 2, 'Create', 'App\\Models\\GameSetting', 24, 'App\\Models\\GameSetting', 24, 'App\\Models\\GameSetting', 24, '', 'finished', '', '2022-04-23 23:41:09', '2022-04-23 23:41:09', NULL, '{\"name\":\"Prix de la manutention des MP\",\"code\":\"mp_stock_price\",\"value\":\"2.5\",\"default_value\":\"2.5\",\"updated_at\":\"2022-04-23T23:41:09.000000Z\",\"created_at\":\"2022-04-23T23:41:09.000000Z\",\"id\":24}'),
(337, '9622b02f-a7d2-443f-b88b-061855160fee', 2, 'Create', 'App\\Models\\GameSetting', 25, 'App\\Models\\GameSetting', 25, 'App\\Models\\GameSetting', 25, '', 'finished', '', '2022-04-23 23:41:29', '2022-04-23 23:41:29', NULL, '{\"name\":\"Simulation en cours ?\",\"code\":\"game_started\",\"value\":\"1\",\"default_value\":\"0\",\"updated_at\":\"2022-04-23T23:41:29.000000Z\",\"created_at\":\"2022-04-23T23:41:29.000000Z\",\"id\":25}'),
(338, '9622b0aa-4324-47de-97b1-94ce901bb51e', 2, 'Create', 'App\\Models\\GameSetting', 26, 'App\\Models\\GameSetting', 26, 'App\\Models\\GameSetting', 26, '', 'finished', '', '2022-04-23 23:42:50', '2022-04-23 23:42:50', NULL, '{\"name\":\"Semaine d\\u00e9but de simulation\",\"code\":\"start_date\",\"value\":\"1\",\"default_value\":\"1\",\"updated_at\":\"2022-04-23T23:42:50.000000Z\",\"created_at\":\"2022-04-23T23:42:50.000000Z\",\"id\":26}'),
(339, '9622b0e5-ba86-42a1-b0df-f53c2b6886ac', 2, 'Create', 'App\\Models\\GameSetting', 27, 'App\\Models\\GameSetting', 27, 'App\\Models\\GameSetting', 27, '', 'finished', '', '2022-04-23 23:43:29', '2022-04-23 23:43:29', NULL, '{\"name\":\"Semaine courant de la simulation\",\"code\":\"current_date\",\"value\":\"5000\",\"default_value\":\"1\",\"updated_at\":\"2022-04-23T23:43:28.000000Z\",\"created_at\":\"2022-04-23T23:43:28.000000Z\",\"id\":27}'),
(340, '9622b10b-6b7b-45ae-b1e5-4aa69d387799', 2, 'Create', 'App\\Models\\GameSetting', 28, 'App\\Models\\GameSetting', 28, 'App\\Models\\GameSetting', 28, '', 'finished', '', '2022-04-23 23:43:53', '2022-04-23 23:43:53', NULL, '{\"name\":\"Afficher le score finale\",\"code\":\"show_final_score\",\"value\":\"0\",\"default_value\":\"0\",\"updated_at\":\"2022-04-23T23:43:53.000000Z\",\"created_at\":\"2022-04-23T23:43:53.000000Z\",\"id\":28}'),
(341, '96234c1f-84ae-40a6-9ffe-a56957355d8a', 2, 'Update', 'App\\Models\\RawMaterial', 9, 'App\\Models\\RawMaterial', 9, 'App\\Models\\RawMaterial', 9, '', 'finished', '', '2022-04-24 06:57:31', '2022-04-24 06:57:31', '{\"icon\":\"\"}', '{\"icon\":\"aaa\"}'),
(342, '96235000-7435-4d75-80c7-eaeeaa1ff6f1', 2, 'Create', 'App\\Models\\Product', 5, 'App\\Models\\Product', 5, 'App\\Models\\Product', 5, '', 'finished', '', '2022-04-24 07:08:22', '2022-04-24 07:08:22', NULL, '{\"name\":\"Galettes\",\"price_min\":\"70\",\"price_max\":\"110\",\"prod_speed_factor\":\"1\",\"unit_prod_price\":\"70.65\",\"ad_coef\":\"1\",\"avg_demand\":\"100000\",\"left_demand\":\"100000\",\"icon\":\"aaa\",\"description\":\"Description galettes\",\"updated_at\":\"2022-04-24T07:08:22.000000Z\",\"created_at\":\"2022-04-24T07:08:22.000000Z\",\"id\":5}'),
(343, '9623501d-cd9e-46df-9ae8-24c58dfa3da2', 2, 'Attach', 'App\\Models\\Product', 5, 'App\\Models\\RawMaterial', 3, 'Illuminate\\Database\\Eloquent\\Relations\\Pivot', NULL, '', 'finished', '', '2022-04-24 07:08:41', '2022-04-24 07:08:41', NULL, '{\"product_id\":\"5\",\"raw_material_id\":\"3\",\"quantity\":\"2\"}'),
(344, '9623502e-a8df-4ddf-bc90-5a80c9e75d5e', 2, 'Attach', 'App\\Models\\Product', 5, 'App\\Models\\RawMaterial', 1, 'Illuminate\\Database\\Eloquent\\Relations\\Pivot', NULL, '', 'finished', '', '2022-04-24 07:08:52', '2022-04-24 07:08:52', NULL, '{\"product_id\":\"5\",\"raw_material_id\":\"1\",\"quantity\":\"5\"}'),
(345, '96235042-82a8-4936-b92d-d1c1077d388b', 2, 'Attach', 'App\\Models\\Product', 5, 'App\\Models\\RawMaterial', 4, 'Illuminate\\Database\\Eloquent\\Relations\\Pivot', NULL, '', 'finished', '', '2022-04-24 07:09:05', '2022-04-24 07:09:05', NULL, '{\"product_id\":\"5\",\"raw_material_id\":\"4\",\"quantity\":\"270\"}'),
(346, '96235097-8c69-4712-8fc9-799a39dc6062', 2, 'Attach', 'App\\Models\\Product', 5, 'App\\Models\\RawMaterial', 6, 'Illuminate\\Database\\Eloquent\\Relations\\Pivot', NULL, '', 'finished', '', '2022-04-24 07:10:01', '2022-04-24 07:10:01', NULL, '{\"product_id\":\"5\",\"raw_material_id\":\"6\",\"quantity\":\"40\"}'),
(347, '962350a5-3540-45a5-8389-c156b38bd289', 2, 'Attach', 'App\\Models\\Product', 5, 'App\\Models\\RawMaterial', 2, 'Illuminate\\Database\\Eloquent\\Relations\\Pivot', NULL, '', 'finished', '', '2022-04-24 07:10:10', '2022-04-24 07:10:10', NULL, '{\"product_id\":\"5\",\"raw_material_id\":\"2\",\"quantity\":\"10\"}'),
(348, '96235130-2e16-4d33-a502-03aed80c28da', 2, 'Create', 'App\\Models\\Product', 6, 'App\\Models\\Product', 6, 'App\\Models\\Product', 6, '', 'finished', '', '2022-04-24 07:11:41', '2022-04-24 07:11:41', NULL, '{\"name\":\"Cookies\",\"price_min\":\"100\",\"price_max\":\"160\",\"prod_speed_factor\":\"1\",\"unit_prod_price\":\"96.75\",\"ad_coef\":\"1\",\"avg_demand\":\"100000\",\"left_demand\":\"100000\",\"icon\":\"aaa\",\"description\":\"Description cookies\",\"updated_at\":\"2022-04-24T07:11:41.000000Z\",\"created_at\":\"2022-04-24T07:11:41.000000Z\",\"id\":6}'),
(349, '96235145-06cf-40c7-a62c-c3349dd279c2', 2, 'Attach', 'App\\Models\\Product', 6, 'App\\Models\\RawMaterial', 3, 'Illuminate\\Database\\Eloquent\\Relations\\Pivot', NULL, '', 'finished', '', '2022-04-24 07:11:55', '2022-04-24 07:11:55', NULL, '{\"product_id\":\"6\",\"raw_material_id\":\"3\",\"quantity\":\"2\"}'),
(350, '96235156-2e3b-42bf-95f2-c4eb65db03df', 2, 'Attach', 'App\\Models\\Product', 6, 'App\\Models\\RawMaterial', 1, 'Illuminate\\Database\\Eloquent\\Relations\\Pivot', NULL, '', 'finished', '', '2022-04-24 07:12:06', '2022-04-24 07:12:06', NULL, '{\"product_id\":\"6\",\"raw_material_id\":\"1\",\"quantity\":\"5\"}'),
(351, '96235160-d70a-4466-9ff7-5efca61df702', 2, 'Attach', 'App\\Models\\Product', 6, 'App\\Models\\RawMaterial', 4, 'Illuminate\\Database\\Eloquent\\Relations\\Pivot', NULL, '', 'finished', '', '2022-04-24 07:12:13', '2022-04-24 07:12:13', NULL, '{\"product_id\":\"6\",\"raw_material_id\":\"4\",\"quantity\":\"150\"}'),
(352, '9623517b-2803-4439-9727-c1e05802f86b', 2, 'Attach', 'App\\Models\\Product', 6, 'App\\Models\\RawMaterial', 6, 'Illuminate\\Database\\Eloquent\\Relations\\Pivot', NULL, '', 'finished', '', '2022-04-24 07:12:30', '2022-04-24 07:12:30', NULL, '{\"product_id\":\"6\",\"raw_material_id\":\"6\",\"quantity\":\"40\"}'),
(353, '9623518b-b681-4916-b9b2-547e5a6e2f47', 2, 'Attach', 'App\\Models\\Product', 6, 'App\\Models\\RawMaterial', 9, 'Illuminate\\Database\\Eloquent\\Relations\\Pivot', NULL, '', 'finished', '', '2022-04-24 07:12:41', '2022-04-24 07:12:41', NULL, '{\"product_id\":\"6\",\"raw_material_id\":\"9\",\"quantity\":\"45\"}'),
(354, '9623519b-afc9-46ac-b42e-5a92e0034b22', 2, 'Attach', 'App\\Models\\Product', 6, 'App\\Models\\RawMaterial', 2, 'Illuminate\\Database\\Eloquent\\Relations\\Pivot', NULL, '', 'finished', '', '2022-04-24 07:12:51', '2022-04-24 07:12:51', NULL, '{\"product_id\":\"6\",\"raw_material_id\":\"2\",\"quantity\":\"10\"}'),
(355, '9623527f-d38d-457d-b135-c51c7bfebda5', 2, 'Create', 'App\\Models\\Product', 7, 'App\\Models\\Product', 7, 'App\\Models\\Product', 7, '', 'finished', '', '2022-04-24 07:15:21', '2022-04-24 07:15:21', NULL, '{\"name\":\"Sandwich glac\\u00e9\",\"price_min\":\"250\",\"price_max\":\"350\",\"prod_speed_factor\":\"1\",\"unit_prod_price\":\"185.7\",\"ad_coef\":\"1\",\"avg_demand\":\"100000\",\"left_demand\":\"100000\",\"icon\":\"aaa\",\"description\":\"Description cookies glac\\u00e9s\",\"updated_at\":\"2022-04-24T07:15:21.000000Z\",\"created_at\":\"2022-04-24T07:15:21.000000Z\",\"id\":7}'),
(356, '96235295-b069-4e42-a479-12bb0414c036', 2, 'Attach', 'App\\Models\\Product', 7, 'App\\Models\\RawMaterial', 3, 'Illuminate\\Database\\Eloquent\\Relations\\Pivot', NULL, '', 'finished', '', '2022-04-24 07:15:35', '2022-04-24 07:15:35', NULL, '{\"product_id\":\"7\",\"raw_material_id\":\"3\",\"quantity\":\"2\"}'),
(357, '962352a3-56dc-4fda-89a6-6497ec10247f', 2, 'Attach', 'App\\Models\\Product', 7, 'App\\Models\\RawMaterial', 1, 'Illuminate\\Database\\Eloquent\\Relations\\Pivot', NULL, '', 'finished', '', '2022-04-24 07:15:44', '2022-04-24 07:15:44', NULL, '{\"product_id\":\"7\",\"raw_material_id\":\"1\",\"quantity\":\"15.2\"}'),
(358, '962352af-d8e7-4972-a740-732ab57239cb', 2, 'Attach', 'App\\Models\\Product', 7, 'App\\Models\\RawMaterial', 4, 'Illuminate\\Database\\Eloquent\\Relations\\Pivot', NULL, '', 'finished', '', '2022-04-24 07:15:52', '2022-04-24 07:15:52', NULL, '{\"product_id\":\"7\",\"raw_material_id\":\"4\",\"quantity\":\"16\"}'),
(359, '962352bb-d7c5-443f-ad20-b95dd513b705', 2, 'Attach', 'App\\Models\\Product', 7, 'App\\Models\\RawMaterial', 5, 'Illuminate\\Database\\Eloquent\\Relations\\Pivot', NULL, '', 'finished', '', '2022-04-24 07:16:00', '2022-04-24 07:16:00', NULL, '{\"product_id\":\"7\",\"raw_material_id\":\"5\",\"quantity\":\"125\"}'),
(360, '962352c6-19d5-46db-a68c-6071ef77d2c5', 2, 'Attach', 'App\\Models\\Product', 7, 'App\\Models\\RawMaterial', 6, 'Illuminate\\Database\\Eloquent\\Relations\\Pivot', NULL, '', 'finished', '', '2022-04-24 07:16:07', '2022-04-24 07:16:07', NULL, '{\"product_id\":\"7\",\"raw_material_id\":\"6\",\"quantity\":\"25\"}'),
(361, '962352dc-6851-46ce-939e-a02d05ac3957', 2, 'Attach', 'App\\Models\\Product', 7, 'App\\Models\\RawMaterial', 9, 'Illuminate\\Database\\Eloquent\\Relations\\Pivot', NULL, '', 'finished', '', '2022-04-24 07:16:21', '2022-04-24 07:16:21', NULL, '{\"product_id\":\"7\",\"raw_material_id\":\"9\",\"quantity\":\"50\"}'),
(362, '962352e5-f7f2-4ed1-a076-4c2d959eea14', 2, 'Attach', 'App\\Models\\Product', 7, 'App\\Models\\RawMaterial', 2, 'Illuminate\\Database\\Eloquent\\Relations\\Pivot', NULL, '', 'finished', '', '2022-04-24 07:16:28', '2022-04-24 07:16:28', NULL, '{\"product_id\":\"7\",\"raw_material_id\":\"2\",\"quantity\":\"10\"}'),
(363, '9623538a-aca5-4e77-b59d-188aed54ee8d', 2, 'Create', 'App\\Models\\Product', 8, 'App\\Models\\Product', 8, 'App\\Models\\Product', 8, '', 'finished', '', '2022-04-24 07:18:16', '2022-04-24 07:18:16', NULL, '{\"name\":\"C\\u00e9r\\u00e9ales\",\"price_min\":\"280\",\"price_max\":\"420\",\"prod_speed_factor\":\"1\",\"unit_prod_price\":\"270.3\",\"ad_coef\":\"1\",\"avg_demand\":\"100000\",\"left_demand\":\"100000\",\"icon\":\"aaa\",\"description\":\"Description c\\u00e9r\\u00e9ales\",\"updated_at\":\"2022-04-24T07:18:16.000000Z\",\"created_at\":\"2022-04-24T07:18:16.000000Z\",\"id\":8}'),
(364, '962353ac-127d-4496-9132-7b2a5d6e3634', 2, 'Attach', 'App\\Models\\Product', 8, 'App\\Models\\RawMaterial', 3, 'Illuminate\\Database\\Eloquent\\Relations\\Pivot', NULL, '', 'finished', '', '2022-04-24 07:18:38', '2022-04-24 07:18:38', NULL, '{\"product_id\":\"8\",\"raw_material_id\":\"3\",\"quantity\":\"15\"}'),
(365, '962353b7-502a-4984-9eda-66f3cebc0758', 2, 'Attach', 'App\\Models\\Product', 8, 'App\\Models\\RawMaterial', 1, 'Illuminate\\Database\\Eloquent\\Relations\\Pivot', NULL, '', 'finished', '', '2022-04-24 07:18:45', '2022-04-24 07:18:45', NULL, '{\"product_id\":\"8\",\"raw_material_id\":\"1\",\"quantity\":\"12\"}'),
(366, '962353c2-ae55-4b2a-a8b5-b68ad7f41806', 2, 'Attach', 'App\\Models\\Product', 8, 'App\\Models\\RawMaterial', 4, 'Illuminate\\Database\\Eloquent\\Relations\\Pivot', NULL, '', 'finished', '', '2022-04-24 07:18:52', '2022-04-24 07:18:52', NULL, '{\"product_id\":\"8\",\"raw_material_id\":\"4\",\"quantity\":\"200\"}'),
(367, '962353da-df54-439e-890f-287b237b97b4', 2, 'Attach', 'App\\Models\\Product', 8, 'App\\Models\\RawMaterial', 6, 'Illuminate\\Database\\Eloquent\\Relations\\Pivot', NULL, '', 'finished', '', '2022-04-24 07:19:08', '2022-04-24 07:19:08', NULL, '{\"product_id\":\"8\",\"raw_material_id\":\"6\",\"quantity\":\"60\"}'),
(368, '96235406-dfc8-4fe6-95cf-3a1be653979d', 2, 'Attach', 'App\\Models\\Product', 8, 'App\\Models\\RawMaterial', 9, 'Illuminate\\Database\\Eloquent\\Relations\\Pivot', NULL, '', 'finished', '', '2022-04-24 07:19:37', '2022-04-24 07:19:37', NULL, '{\"product_id\":\"8\",\"raw_material_id\":\"9\",\"quantity\":\"200\"}'),
(369, '96235411-6e8c-4d8e-bf01-f34854018d1b', 2, 'Attach', 'App\\Models\\Product', 8, 'App\\Models\\RawMaterial', 2, 'Illuminate\\Database\\Eloquent\\Relations\\Pivot', NULL, '', 'finished', '', '2022-04-24 07:19:44', '2022-04-24 07:19:44', NULL, '{\"product_id\":\"8\",\"raw_material_id\":\"2\",\"quantity\":\"50\"}'),
(370, '96235486-077f-4e25-ae93-4d7b731f218b', 2, 'Create', 'App\\Models\\Product', 9, 'App\\Models\\Product', 9, 'App\\Models\\Product', 9, '', 'finished', '', '2022-04-24 07:21:00', '2022-04-24 07:21:00', NULL, '{\"name\":\"Granola\",\"price_min\":\"550\",\"price_max\":\"850\",\"prod_speed_factor\":\"1\",\"unit_prod_price\":\"359.5\",\"ad_coef\":\"1\",\"avg_demand\":\"100000\",\"left_demand\":\"100000\",\"icon\":\"aaa\",\"description\":\"Description granola\",\"updated_at\":\"2022-04-24T07:21:00.000000Z\",\"created_at\":\"2022-04-24T07:21:00.000000Z\",\"id\":9}'),
(371, '962354a3-e064-46f9-b0c8-d62558fa16d6', 2, 'Attach', 'App\\Models\\Product', 9, 'App\\Models\\RawMaterial', 3, 'Illuminate\\Database\\Eloquent\\Relations\\Pivot', NULL, '', 'finished', '', '2022-04-24 07:21:20', '2022-04-24 07:21:20', NULL, '{\"product_id\":\"9\",\"raw_material_id\":\"3\",\"quantity\":\"15\"}'),
(372, '962354af-6ab4-427a-afd2-5474f86d599d', 2, 'Attach', 'App\\Models\\Product', 9, 'App\\Models\\RawMaterial', 1, 'Illuminate\\Database\\Eloquent\\Relations\\Pivot', NULL, '', 'finished', '', '2022-04-24 07:21:28', '2022-04-24 07:21:28', NULL, '{\"product_id\":\"9\",\"raw_material_id\":\"1\",\"quantity\":\"100\"}'),
(373, '962354bc-781d-4b89-88e3-e57780973358', 2, 'Attach', 'App\\Models\\Product', 9, 'App\\Models\\RawMaterial', 7, 'Illuminate\\Database\\Eloquent\\Relations\\Pivot', NULL, '', 'finished', '', '2022-04-24 07:21:36', '2022-04-24 07:21:36', NULL, '{\"product_id\":\"9\",\"raw_material_id\":\"7\",\"quantity\":\"180\"}'),
(374, '962354d6-ac1d-4bf3-853b-dc76bd2e9a13', 2, 'Attach', 'App\\Models\\Product', 9, 'App\\Models\\RawMaterial', 8, 'Illuminate\\Database\\Eloquent\\Relations\\Pivot', NULL, '', 'finished', '', '2022-04-24 07:21:53', '2022-04-24 07:21:53', NULL, '{\"product_id\":\"9\",\"raw_material_id\":\"8\",\"quantity\":\"250\"}'),
(375, '962354e3-83f4-4551-8bb0-fa69faf92839', 2, 'Attach', 'App\\Models\\Product', 9, 'App\\Models\\RawMaterial', 2, 'Illuminate\\Database\\Eloquent\\Relations\\Pivot', NULL, '', 'finished', '', '2022-04-24 07:22:02', '2022-04-24 07:22:02', NULL, '{\"product_id\":\"9\",\"raw_material_id\":\"2\",\"quantity\":\"50\"}'),
(376, '962358a0-92ca-41c2-98e9-1a438019074f', 2, 'Delete', 'App\\Models\\Product', 1, 'App\\Models\\Product', 1, 'App\\Models\\Product', 1, '', 'finished', '', '2022-04-24 07:32:29', '2022-04-24 07:32:29', NULL, NULL),
(377, '962358a0-9960-417e-a85c-4acc4f11a296', 2, 'Delete', 'App\\Models\\Product', 2, 'App\\Models\\Product', 2, 'App\\Models\\Product', 2, '', 'finished', '', '2022-04-24 07:32:29', '2022-04-24 07:32:29', NULL, NULL),
(378, '962358a0-9c13-400a-8bdb-69574ce8e91c', 2, 'Delete', 'App\\Models\\Product', 3, 'App\\Models\\Product', 3, 'App\\Models\\Product', 3, '', 'finished', '', '2022-04-24 07:32:29', '2022-04-24 07:32:29', NULL, NULL),
(379, '962358a0-a04b-4f65-8fa4-2850d50156e5', 2, 'Delete', 'App\\Models\\Product', 4, 'App\\Models\\Product', 4, 'App\\Models\\Product', 4, '', 'finished', '', '2022-04-24 07:32:29', '2022-04-24 07:32:29', NULL, NULL),
(380, '9624dc6c-6ff2-40cb-8854-2721318315b5', 2, 'Create', 'App\\Models\\Indicator', 45, 'App\\Models\\Indicator', 45, 'App\\Models\\Indicator', 45, '', 'finished', '', '2022-04-25 01:36:51', '2022-04-25 01:36:51', NULL, '{\"name\":\"Chiffre d\'Affaire du Produit 5\",\"code\":\"ca_5\",\"starting_value\":\"1000\",\"is_financial\":false,\"updated_at\":\"2022-04-25T01:36:50.000000Z\",\"created_at\":\"2022-04-25T01:36:50.000000Z\",\"id\":45}'),
(381, '9624dc9c-2367-46c5-982a-d4668347b028', 2, 'Create', 'App\\Models\\Indicator', 46, 'App\\Models\\Indicator', 46, 'App\\Models\\Indicator', 46, '', 'finished', '', '2022-04-25 01:37:22', '2022-04-25 01:37:22', NULL, '{\"name\":\"Chiffre D\'affaire du Produit 6\",\"code\":\"ca_6\",\"starting_value\":\"1000\",\"is_financial\":false,\"updated_at\":\"2022-04-25T01:37:22.000000Z\",\"created_at\":\"2022-04-25T01:37:22.000000Z\",\"id\":46}'),
(382, '9624dcae-3a47-425b-b4dd-11f1e315513b', 2, 'Create', 'App\\Models\\Indicator', 47, 'App\\Models\\Indicator', 47, 'App\\Models\\Indicator', 47, '', 'finished', '', '2022-04-25 01:37:33', '2022-04-25 01:37:33', NULL, '{\"name\":\"Chiffre D\'affaire du Produit 7\",\"code\":\"ca_7\",\"starting_value\":\"1000\",\"is_financial\":false,\"updated_at\":\"2022-04-25T01:37:33.000000Z\",\"created_at\":\"2022-04-25T01:37:33.000000Z\",\"id\":47}'),
(383, '9624dcbe-0833-462a-a5dc-8d5b7c500fbf', 2, 'Create', 'App\\Models\\Indicator', 48, 'App\\Models\\Indicator', 48, 'App\\Models\\Indicator', 48, '', 'finished', '', '2022-04-25 01:37:44', '2022-04-25 01:37:44', NULL, '{\"name\":\"Chiffre D\'affaire du Produit 8\",\"code\":\"ca_7\",\"starting_value\":\"1000\",\"is_financial\":false,\"updated_at\":\"2022-04-25T01:37:44.000000Z\",\"created_at\":\"2022-04-25T01:37:44.000000Z\",\"id\":48}'),
(384, '9624dccd-b58b-4d38-806e-55d6d159d155', 2, 'Create', 'App\\Models\\Indicator', 49, 'App\\Models\\Indicator', 49, 'App\\Models\\Indicator', 49, '', 'finished', '', '2022-04-25 01:37:54', '2022-04-25 01:37:54', NULL, '{\"name\":\"Chiffre D\'affaire du Produit 9\",\"code\":\"ca_9\",\"starting_value\":\"1000\",\"is_financial\":false,\"updated_at\":\"2022-04-25T01:37:54.000000Z\",\"created_at\":\"2022-04-25T01:37:54.000000Z\",\"id\":49}'),
(385, '9624dd00-040e-417d-a9c9-655d1f0ab63b', 2, 'Update', 'App\\Models\\Indicator', 48, 'App\\Models\\Indicator', 48, 'App\\Models\\Indicator', 48, '', 'finished', '', '2022-04-25 01:38:27', '2022-04-25 01:38:27', '{\"name\":\"Chiffre D\'affaire du Produit 8\",\"code\":\"ca_7\",\"is_financial\":0}', '{\"name\":\"Chiffre D\'affaires du Produit 8\",\"code\":\"ca_8\",\"is_financial\":false}'),
(386, '9624dd2a-e892-4980-9cbe-d91824fba05c', 2, 'Update', 'App\\Models\\Indicator', 45, 'App\\Models\\Indicator', 45, 'App\\Models\\Indicator', 45, '', 'finished', '', '2022-04-25 01:38:55', '2022-04-25 01:38:55', '{\"name\":\"Chiffre d\'Affaire du Produit 5\",\"is_financial\":0}', '{\"name\":\"Chiffre d\'Affaires du Produit 5\",\"is_financial\":false}'),
(387, '9624dd4d-fb27-4738-b415-7697d017c138', 2, 'Update', 'App\\Models\\Indicator', 46, 'App\\Models\\Indicator', 46, 'App\\Models\\Indicator', 46, '', 'finished', '', '2022-04-25 01:39:18', '2022-04-25 01:39:18', '{\"name\":\"Chiffre D\'affaire du Produit 6\",\"is_financial\":0}', '{\"name\":\"Chiffre D\'affaires du Produit 6\",\"is_financial\":false}'),
(388, '9624dd6c-da14-4526-a59b-ff6286099592', 2, 'Update', 'App\\Models\\Indicator', 47, 'App\\Models\\Indicator', 47, 'App\\Models\\Indicator', 47, '', 'finished', '', '2022-04-25 01:39:38', '2022-04-25 01:39:38', '{\"name\":\"Chiffre D\'affaire du Produit 7\",\"is_financial\":0}', '{\"name\":\"Chiffre D\'affaires du Produit 7\",\"is_financial\":false}'),
(389, '9624dd7e-64ec-46db-b7b9-a65f68e385c0', 2, 'Update', 'App\\Models\\Indicator', 49, 'App\\Models\\Indicator', 49, 'App\\Models\\Indicator', 49, '', 'finished', '', '2022-04-25 01:39:50', '2022-04-25 01:39:50', '{\"name\":\"Chiffre D\'affaire du Produit 9\",\"is_financial\":0}', '{\"name\":\"Chiffre D\'affaires du Produit 9\",\"is_financial\":false}'),
(390, '962a7106-fb10-4786-b828-8d652a423fe1', 2, 'Create', 'App\\Models\\GameSetting', 29, 'App\\Models\\GameSetting', 29, 'App\\Models\\GameSetting', 29, '', 'finished', '', '2022-04-27 20:11:31', '2022-04-27 20:11:31', NULL, '{\"name\":\"Population\",\"code\":\"population\",\"value\":\"1000000\",\"default_value\":\"1000000\",\"updated_at\":\"2022-04-27T20:11:28.000000Z\",\"created_at\":\"2022-04-27T20:11:28.000000Z\",\"id\":29}'),
(391, '962a7256-6bae-4be4-976c-a14ed0bcc5e2', 2, 'Update', 'App\\Models\\Product', 5, 'App\\Models\\Product', 5, 'App\\Models\\Product', 5, '', 'finished', '', '2022-04-27 20:15:10', '2022-04-27 20:15:10', '{\"price_min\":70,\"price_max\":110}', '{\"price_min\":\"110\",\"price_max\":\"130\"}'),
(392, '962a727b-94af-4bc9-a937-0af2fabd20c5', 2, 'Update', 'App\\Models\\Product', 5, 'App\\Models\\Product', 5, 'App\\Models\\Product', 5, '', 'finished', '', '2022-04-27 20:15:34', '2022-04-27 20:15:34', '{\"price_min\":110,\"price_max\":130}', '{\"price_min\":\"75\",\"price_max\":\"105\"}'),
(393, '962a72a2-e1eb-45c5-9ce5-78995c13206a', 2, 'Update', 'App\\Models\\Product', 6, 'App\\Models\\Product', 6, 'App\\Models\\Product', 6, '', 'finished', '', '2022-04-27 20:16:00', '2022-04-27 20:16:00', '{\"price_min\":100,\"price_max\":160}', '{\"price_min\":\"110\",\"price_max\":\"130\"}'),
(394, '962a72c0-da35-4222-8ad4-2dfea34d0b7e', 2, 'Update', 'App\\Models\\Product', 8, 'App\\Models\\Product', 8, 'App\\Models\\Product', 8, '', 'finished', '', '2022-04-27 20:16:20', '2022-04-27 20:16:20', '{\"price_min\":280,\"price_max\":420}', '{\"price_min\":\"250\",\"price_max\":\"325\"}'),
(395, '962a72ec-ecc2-4f65-8803-32f231f776e1', 2, 'Update', 'App\\Models\\Product', 7, 'App\\Models\\Product', 7, 'App\\Models\\Product', 7, '', 'finished', '', '2022-04-27 20:16:49', '2022-04-27 20:16:49', '{\"price_min\":250}', '{\"price_min\":\"260\"}'),
(396, '962a731e-9713-4cd7-aab2-37cf41aa23da', 2, 'Update', 'App\\Models\\Product', 9, 'App\\Models\\Product', 9, 'App\\Models\\Product', 9, '', 'finished', '', '2022-04-27 20:17:21', '2022-04-27 20:17:21', '{\"price_min\":550,\"price_max\":850}', '{\"price_min\":\"600\",\"price_max\":\"700\"}'),
(397, '962a8058-c874-43c2-9c8b-b4d03796a6d1', 2, 'Update', 'App\\Models\\Product', 5, 'App\\Models\\Product', 5, 'App\\Models\\Product', 5, '', 'finished', '', '2022-04-27 20:54:21', '2022-04-27 20:54:21', '{\"percent_population\":0}', '{\"percent_population\":\"0.9\"}'),
(398, '962a8a2f-ba2c-44b4-86a6-d78ff34137e8', 2, 'Update', 'App\\Models\\GameSetting', 2, 'App\\Models\\GameSetting', 2, 'App\\Models\\GameSetting', 2, '', 'finished', '', '2022-04-27 21:21:51', '2022-04-27 21:21:51', '{\"value\":\"1000\",\"default_value\":\"1000\"}', '{\"value\":\"30000\",\"default_value\":\"30000\"}'),
(399, '962a8a49-214c-480e-8d80-0934eb972aee', 2, 'Update', 'App\\Models\\GameSetting', 3, 'App\\Models\\GameSetting', 3, 'App\\Models\\GameSetting', 3, '', 'finished', '', '2022-04-27 21:22:08', '2022-04-27 21:22:08', '{\"value\":\"2500\",\"default_value\":\"2500\"}', '{\"value\":\"60000\",\"default_value\":\"60000\"}'),
(400, '962a8ac1-e26f-42c9-8c35-8577b81655f7', 2, 'Update', 'App\\Models\\GameSetting', 6, 'App\\Models\\GameSetting', 6, 'App\\Models\\GameSetting', 6, '', 'finished', '', '2022-04-27 21:23:27', '2022-04-27 21:23:27', '{\"value\":\"0.2\",\"default_value\":\"0.2\"}', '{\"value\":\"0.25\",\"default_value\":\"0.25\"}'),
(401, '962a943d-5907-4461-90e2-08e32007ab14', 2, 'Update', 'App\\Models\\Product', 6, 'App\\Models\\Product', 6, 'App\\Models\\Product', 6, '', 'finished', '', '2022-04-27 21:49:58', '2022-04-27 21:49:58', '{\"price_max\":130}', '{\"price_max\":\"140\"}'),
(402, '962a952f-d89f-47f6-9212-03049b94af88', 2, 'Update', 'App\\Models\\Product', 6, 'App\\Models\\Product', 6, 'App\\Models\\Product', 6, '', 'finished', '', '2022-04-27 21:52:37', '2022-04-27 21:52:37', '[]', '[]'),
(403, '962a9837-4139-4fb5-a2a4-e3c339ba2559', 2, 'Update', 'App\\Models\\Product', 5, 'App\\Models\\Product', 5, 'App\\Models\\Product', 5, '', 'finished', '', '2022-04-27 22:01:05', '2022-04-27 22:01:05', '{\"avg_demand\":100000}', '{\"avg_demand\":\"202447\"}'),
(404, '962a9879-767b-4549-be88-03e942959568', 2, 'Update', 'App\\Models\\Product', 6, 'App\\Models\\Product', 6, 'App\\Models\\Product', 6, '', 'finished', '', '2022-04-27 22:01:48', '2022-04-27 22:01:48', '{\"avg_demand\":100000}', '{\"avg_demand\":\"148461\"}'),
(405, '962a98ac-b56b-42c1-9264-e91708ce99db', 2, 'Update', 'App\\Models\\Product', 7, 'App\\Models\\Product', 7, 'App\\Models\\Product', 7, '', 'finished', '', '2022-04-27 22:02:22', '2022-04-27 22:02:22', '{\"avg_demand\":100000}', '{\"avg_demand\":\"103923\"}'),
(406, '962a9917-29bf-483f-b415-35d8e746ef82', 2, 'Update', 'App\\Models\\Product', 8, 'App\\Models\\Product', 8, 'App\\Models\\Product', 8, '', 'finished', '', '2022-04-27 22:03:32', '2022-04-27 22:03:32', '{\"avg_demand\":100000}', '{\"avg_demand\":\"44538\"}'),
(407, '962a9955-f3a4-42d2-9763-4836a6490f7f', 2, 'Update', 'App\\Models\\Product', 9, 'App\\Models\\Product', 9, 'App\\Models\\Product', 9, '', 'finished', '', '2022-04-27 22:04:13', '2022-04-27 22:04:13', '{\"avg_demand\":100000}', '{\"avg_demand\":\"13496\"}'),
(408, '962a9b9e-03a0-47e8-9d72-ebcfb0279809', 2, 'Update', 'App\\Models\\Product', 7, 'App\\Models\\Product', 7, 'App\\Models\\Product', 7, '', 'finished', '', '2022-04-27 22:10:36', '2022-04-27 22:10:36', '{\"price_max\":350}', '{\"price_max\":\"330\"}'),
(409, '962ab0f0-1da2-4a2e-9aea-1087a63184c0', 2, 'Update', 'App\\Models\\Product', 5, 'App\\Models\\Product', 5, 'App\\Models\\Product', 5, '', 'finished', '', '2022-04-27 23:10:13', '2022-04-27 23:10:13', '{\"left_demand\":-104640}', '{\"left_demand\":\"0\"}'),
(410, '962ab42a-66b1-4922-b801-4ee6205a6d90', 2, 'Update', 'App\\Models\\RawMaterial', 9, 'App\\Models\\RawMaterial', 9, 'App\\Models\\RawMaterial', 9, '', 'finished', '', '2022-04-27 23:19:14', '2022-04-27 23:19:14', '{\"icon\":\"aaa\"}', '{\"icon\":\"\\/assets\\/icons\\/chocolate.svg\"}'),
(411, '962ab463-4da2-4b74-a970-89ef5cca02e9', 2, 'Update', 'App\\Models\\RawMaterial', 8, 'App\\Models\\RawMaterial', 8, 'App\\Models\\RawMaterial', 8, '', 'finished', '', '2022-04-27 23:19:52', '2022-04-27 23:19:52', '{\"icon\":\"\"}', '{\"icon\":\"\\/assets\\/icons\\/flocans.svg\"}'),
(412, '962ab46f-4d90-4283-ac37-86479599d60e', 2, 'Update', 'App\\Models\\RawMaterial', 7, 'App\\Models\\RawMaterial', 7, 'App\\Models\\RawMaterial', 7, '', 'finished', '', '2022-04-27 23:19:59', '2022-04-27 23:19:59', '{\"icon\":\"\"}', '{\"icon\":\"\\/assets\\/icons\\/fruits.svg\"}'),
(413, '962ab47b-2b57-49eb-ae16-c40b6341660c', 2, 'Update', 'App\\Models\\RawMaterial', 6, 'App\\Models\\RawMaterial', 6, 'App\\Models\\RawMaterial', 6, '', 'finished', '', '2022-04-27 23:20:07', '2022-04-27 23:20:07', '{\"icon\":\"\"}', '{\"icon\":\"\\/assets\\/icons\\/butter.svg\"}'),
(414, '962ab4a7-cb03-4427-9c46-c9a90caa4a7f', 2, 'Update', 'App\\Models\\RawMaterial', 5, 'App\\Models\\RawMaterial', 5, 'App\\Models\\RawMaterial', 5, '', 'finished', '', '2022-04-27 23:20:36', '2022-04-27 23:20:36', '{\"icon\":\"\"}', '{\"icon\":\"\\/assets\\/icons\\/milk.svg\"}'),
(415, '962ab4b4-8972-45e1-8410-24f76f9c6123', 2, 'Update', 'App\\Models\\RawMaterial', 4, 'App\\Models\\RawMaterial', 4, 'App\\Models\\RawMaterial', 4, '', 'finished', '', '2022-04-27 23:20:45', '2022-04-27 23:20:45', '{\"icon\":\"\"}', '{\"icon\":\"\\/assets\\/icons\\/breakfast.svg\"}'),
(416, '962ab4c0-5e6d-461a-a679-e75a5025f77d', 2, 'Update', 'App\\Models\\RawMaterial', 3, 'App\\Models\\RawMaterial', 3, 'App\\Models\\RawMaterial', 3, '', 'finished', '', '2022-04-27 23:20:52', '2022-04-27 23:20:52', '{\"icon\":\"\"}', '{\"icon\":\"\\/assets\\/icons\\/additives.svg\"}'),
(417, '962ab4cd-9cc2-407b-a919-45bacee207c3', 2, 'Update', 'App\\Models\\RawMaterial', 2, 'App\\Models\\RawMaterial', 2, 'App\\Models\\RawMaterial', 2, '', 'finished', '', '2022-04-27 23:21:01', '2022-04-27 23:21:01', '{\"icon\":\"\"}', '{\"icon\":\"\\/assets\\/icons\\/emballage.svg\"}'),
(418, '962ab4d2-9d99-4a28-8d65-c456e849ffa2', 2, 'Update', 'App\\Models\\RawMaterial', 1, 'App\\Models\\RawMaterial', 1, 'App\\Models\\RawMaterial', 1, '', 'finished', '', '2022-04-27 23:21:04', '2022-04-27 23:21:04', '{\"icon\":\"\"}', '{\"icon\":\"\\/assets\\/icons\\/sugar.svg\"}'),
(419, '96300d54-b623-40e9-be9f-0325d49449b1', 2, 'Update', 'App\\Models\\Supplier', 1, 'App\\Models\\Supplier', 1, 'App\\Models\\Supplier', 1, '', 'finished', '', '2022-04-30 15:07:43', '2022-04-30 15:07:43', '{\"foreign\":0}', '{\"foreign\":false}'),
(420, '96300da1-6314-476a-afef-e36fae1ad40e', 2, 'Update Attached', 'App\\Models\\Supplier', 1, 'App\\Models\\RawMaterial', 9, 'Illuminate\\Database\\Eloquent\\Relations\\Pivot', NULL, '', 'finished', '', '2022-04-30 15:08:32', '2022-04-30 15:08:32', '{\"price_factor\":1,\"is_available\":1,\"time_to_deliver\":3}', '{\"price_factor\":\"0.9\",\"is_available\":true,\"time_to_deliver\":\"4\"}'),
(421, '96300db9-da84-4580-a48c-11f8da5e0eb1', 2, 'Update Attached', 'App\\Models\\Supplier', 1, 'App\\Models\\RawMaterial', 8, 'Illuminate\\Database\\Eloquent\\Relations\\Pivot', NULL, '', 'finished', '', '2022-04-30 15:08:48', '2022-04-30 15:08:48', '{\"price_factor\":1,\"is_available\":1,\"time_to_deliver\":2}', '{\"price_factor\":\"0.9\",\"is_available\":true,\"time_to_deliver\":\"4\"}'),
(422, '96300eaf-4c43-4fa8-9278-b5811491fabd', 2, 'Update Attached', 'App\\Models\\Supplier', 1, 'App\\Models\\RawMaterial', 7, 'Illuminate\\Database\\Eloquent\\Relations\\Pivot', NULL, '', 'finished', '', '2022-04-30 15:11:29', '2022-04-30 15:11:29', '{\"price_factor\":1,\"is_available\":1,\"time_to_deliver\":2}', '{\"price_factor\":\"0.9\",\"is_available\":true,\"time_to_deliver\":\"4\"}'),
(423, '96300ed1-e2ec-48e0-bf0a-4bb43b69bdd7', 2, 'Update Attached', 'App\\Models\\Supplier', 1, 'App\\Models\\RawMaterial', 6, 'Illuminate\\Database\\Eloquent\\Relations\\Pivot', NULL, '', 'finished', '', '2022-04-30 15:11:52', '2022-04-30 15:11:52', '{\"price_factor\":1,\"is_available\":1,\"time_to_deliver\":2}', '{\"price_factor\":\"0.9\",\"is_available\":true,\"time_to_deliver\":\"4\"}'),
(424, '96300eec-a558-4ebb-92fb-ba820e8a419c', 2, 'Update Attached', 'App\\Models\\Supplier', 1, 'App\\Models\\RawMaterial', 5, 'Illuminate\\Database\\Eloquent\\Relations\\Pivot', NULL, '', 'finished', '', '2022-04-30 15:12:09', '2022-04-30 15:12:09', '{\"price_factor\":1,\"is_available\":1,\"time_to_deliver\":1}', '{\"price_factor\":\"0.9\",\"is_available\":true,\"time_to_deliver\":\"4\"}'),
(425, '96300f05-aef8-4a6e-8699-ddae527592de', 2, 'Update Attached', 'App\\Models\\Supplier', 1, 'App\\Models\\RawMaterial', 4, 'Illuminate\\Database\\Eloquent\\Relations\\Pivot', NULL, '', 'finished', '', '2022-04-30 15:12:26', '2022-04-30 15:12:26', '{\"price_factor\":1,\"is_available\":1,\"time_to_deliver\":3}', '{\"price_factor\":\"0.9\",\"is_available\":true,\"time_to_deliver\":\"4\"}'),
(426, '96300f45-8dae-46d5-a15c-7aed23f54c52', 2, 'Update Attached', 'App\\Models\\Supplier', 1, 'App\\Models\\RawMaterial', 3, 'Illuminate\\Database\\Eloquent\\Relations\\Pivot', NULL, '', 'finished', '', '2022-04-30 15:13:08', '2022-04-30 15:13:08', '{\"price_factor\":1,\"is_available\":1,\"time_to_deliver\":1}', '{\"price_factor\":\"0.9\",\"is_available\":true,\"time_to_deliver\":\"2\"}');
INSERT INTO `action_events` (`id`, `batch_id`, `user_id`, `name`, `actionable_type`, `actionable_id`, `target_type`, `target_id`, `model_type`, `model_id`, `fields`, `status`, `exception`, `created_at`, `updated_at`, `original`, `changes`) VALUES
(427, '96300f5c-6e57-4438-8e19-b97d580412c7', 2, 'Update Attached', 'App\\Models\\Supplier', 1, 'App\\Models\\RawMaterial', 2, 'Illuminate\\Database\\Eloquent\\Relations\\Pivot', NULL, '', 'finished', '', '2022-04-30 15:13:23', '2022-04-30 15:13:23', '{\"price_factor\":1,\"is_available\":1}', '{\"price_factor\":\"0.9\",\"is_available\":true}'),
(428, '96300f6c-780c-4cbb-acd3-f5f677f20d2e', 2, 'Update Attached', 'App\\Models\\Supplier', 1, 'App\\Models\\RawMaterial', 1, 'Illuminate\\Database\\Eloquent\\Relations\\Pivot', NULL, '', 'finished', '', '2022-04-30 15:13:33', '2022-04-30 15:13:33', '{\"is_available\":1,\"time_to_deliver\":1}', '{\"is_available\":true,\"time_to_deliver\":\"4\"}'),
(429, '96300fb8-d7ba-45fd-9ff4-f22b748a9127', 2, 'Create', 'App\\Models\\Supplier', 2, 'App\\Models\\Supplier', 2, 'App\\Models\\Supplier', 2, '', 'finished', '', '2022-04-30 15:14:23', '2022-04-30 15:14:23', NULL, '{\"name\":\"Supplier 2\",\"foreign\":false,\"updated_at\":\"2022-04-30T15:14:23.000000Z\",\"created_at\":\"2022-04-30T15:14:23.000000Z\",\"id\":2}'),
(430, '96301022-0ae9-4b9b-aa2d-783485edc4cd', 2, 'Attach', 'App\\Models\\Supplier', 2, 'App\\Models\\RawMaterial', 3, 'Illuminate\\Database\\Eloquent\\Relations\\Pivot', NULL, '', 'finished', '', '2022-04-30 15:15:32', '2022-04-30 15:15:32', NULL, '{\"supplier_id\":\"2\",\"raw_material_id\":\"3\",\"price_factor\":\"1\",\"is_available\":true,\"time_to_deliver\":\"3\"}'),
(431, '96301038-3188-4dfc-ab4d-dd67034d4b43', 2, 'Attach', 'App\\Models\\Supplier', 2, 'App\\Models\\RawMaterial', 6, 'Illuminate\\Database\\Eloquent\\Relations\\Pivot', NULL, '', 'finished', '', '2022-04-30 15:15:47', '2022-04-30 15:15:47', NULL, '{\"supplier_id\":\"2\",\"raw_material_id\":\"6\",\"price_factor\":\"1\",\"is_available\":true,\"time_to_deliver\":\"6\"}'),
(432, '96301043-23f9-4364-a574-3d525d0ee6f5', 2, 'Attach', 'App\\Models\\Supplier', 2, 'App\\Models\\RawMaterial', 4, 'Illuminate\\Database\\Eloquent\\Relations\\Pivot', NULL, '', 'finished', '', '2022-04-30 15:15:54', '2022-04-30 15:15:54', NULL, '{\"supplier_id\":\"2\",\"raw_material_id\":\"4\",\"price_factor\":\"1\",\"is_available\":true,\"time_to_deliver\":\"6\"}'),
(433, '9630104f-0d18-4591-831f-eafe994abc69', 2, 'Attach', 'App\\Models\\Supplier', 2, 'App\\Models\\RawMaterial', 9, 'Illuminate\\Database\\Eloquent\\Relations\\Pivot', NULL, '', 'finished', '', '2022-04-30 15:16:02', '2022-04-30 15:16:02', NULL, '{\"supplier_id\":\"2\",\"raw_material_id\":\"9\",\"price_factor\":\"1\",\"is_available\":true,\"time_to_deliver\":\"6\"}'),
(434, '9630106b-5f11-45b3-86ef-12cb080f624e', 2, 'Attach', 'App\\Models\\Supplier', 2, 'App\\Models\\RawMaterial', 2, 'Illuminate\\Database\\Eloquent\\Relations\\Pivot', NULL, '', 'finished', '', '2022-04-30 15:16:20', '2022-04-30 15:16:20', NULL, '{\"supplier_id\":\"2\",\"raw_material_id\":\"2\",\"price_factor\":\"1\",\"is_available\":true,\"time_to_deliver\":\"3\"}'),
(435, '963010f9-2516-47ee-b530-3d950fa4d9ed', 2, 'Attach', 'App\\Models\\Supplier', 2, 'App\\Models\\RawMaterial', 8, 'Illuminate\\Database\\Eloquent\\Relations\\Pivot', NULL, '', 'finished', '', '2022-04-30 15:17:53', '2022-04-30 15:17:53', NULL, '{\"supplier_id\":\"2\",\"raw_material_id\":\"8\",\"price_factor\":\"1\",\"is_available\":true,\"time_to_deliver\":\"6\"}'),
(436, '96301105-fadc-4501-9345-d8ecd8245a29', 2, 'Attach', 'App\\Models\\Supplier', 2, 'App\\Models\\RawMaterial', 7, 'Illuminate\\Database\\Eloquent\\Relations\\Pivot', NULL, '', 'finished', '', '2022-04-30 15:18:02', '2022-04-30 15:18:02', NULL, '{\"supplier_id\":\"2\",\"raw_material_id\":\"7\",\"price_factor\":\"1\",\"is_available\":true,\"time_to_deliver\":\"6\"}'),
(437, '9630115a-707a-4738-b5fd-208bd30f2b85', 2, 'Attach', 'App\\Models\\Supplier', 2, 'App\\Models\\RawMaterial', 5, 'Illuminate\\Database\\Eloquent\\Relations\\Pivot', NULL, '', 'finished', '', '2022-04-30 15:18:57', '2022-04-30 15:18:57', NULL, '{\"supplier_id\":\"2\",\"raw_material_id\":\"5\",\"price_factor\":\"1\",\"is_available\":true,\"time_to_deliver\":\"6\"}'),
(438, '96301164-ee64-4a34-bb5d-3c8fb38238b2', 2, 'Attach', 'App\\Models\\Supplier', 2, 'App\\Models\\RawMaterial', 1, 'Illuminate\\Database\\Eloquent\\Relations\\Pivot', NULL, '', 'finished', '', '2022-04-30 15:19:04', '2022-04-30 15:19:04', NULL, '{\"supplier_id\":\"2\",\"raw_material_id\":\"1\",\"price_factor\":\"1\",\"is_available\":true,\"time_to_deliver\":\"6\"}'),
(439, '963014bf-c8dd-4a49-ac3d-ea36dbac5d32', 2, 'Update', 'App\\Models\\Indicator', 45, 'App\\Models\\Indicator', 45, 'App\\Models\\Indicator', 45, '', 'finished', '', '2022-04-30 15:28:27', '2022-04-30 15:28:27', '{\"name\":\"Chiffre d\'Affaires du Produit 5\",\"is_financial\":0}', '{\"name\":\"Chiffre d\'Affaires Galettes\",\"is_financial\":false}'),
(440, '963014ee-92b4-449e-98ed-3e857bc2e70f', 2, 'Update', 'App\\Models\\Indicator', 46, 'App\\Models\\Indicator', 46, 'App\\Models\\Indicator', 46, '', 'finished', '', '2022-04-30 15:28:57', '2022-04-30 15:28:57', '{\"name\":\"Chiffre D\'affaires du Produit 6\",\"is_financial\":0}', '{\"name\":\"Chiffre D\'affaires Cookies\",\"is_financial\":false}'),
(441, '96301511-be48-4f7e-ac35-334b016781bf', 2, 'Update', 'App\\Models\\Indicator', 47, 'App\\Models\\Indicator', 47, 'App\\Models\\Indicator', 47, '', 'finished', '', '2022-04-30 15:29:20', '2022-04-30 15:29:20', '{\"name\":\"Chiffre D\'affaires du Produit 7\",\"is_financial\":0}', '{\"name\":\"Chiffre D\'affaires Sandwich Glac\\u00e9\",\"is_financial\":false}'),
(442, '96301535-0516-48d6-b605-37c94f3ea031', 2, 'Update', 'App\\Models\\Indicator', 48, 'App\\Models\\Indicator', 48, 'App\\Models\\Indicator', 48, '', 'finished', '', '2022-04-30 15:29:43', '2022-04-30 15:29:43', '{\"name\":\"Chiffre D\'affaires du Produit 8\",\"is_financial\":0}', '{\"name\":\"Chiffre D\'affaires C\\u00e9r\\u00e9ales\",\"is_financial\":false}'),
(443, '96301541-a631-475a-8a71-072ffd8f01ed', 2, 'Update', 'App\\Models\\Indicator', 49, 'App\\Models\\Indicator', 49, 'App\\Models\\Indicator', 49, '', 'finished', '', '2022-04-30 15:29:52', '2022-04-30 15:29:52', '{\"name\":\"Chiffre D\'affaires du Produit 9\",\"is_financial\":0}', '{\"name\":\"Chiffre D\'affaires Granola\",\"is_financial\":false}'),
(444, '9637d8d1-ce34-4afd-b924-f7d8e971d4c2', 2, 'Create', 'App\\Models\\GameSetting', 30, 'App\\Models\\GameSetting', 30, 'App\\Models\\GameSetting', 30, '', 'finished', '', '2022-05-04 12:07:30', '2022-05-04 12:07:30', NULL, '{\"name\":\"Pourcentage taxe CA\",\"code\":\"ca_tax_percent\",\"value\":\"0.2\",\"default_value\":\"0.2\",\"updated_at\":\"2022-05-04T12:07:27.000000Z\",\"created_at\":\"2022-05-04T12:07:27.000000Z\",\"id\":30}'),
(445, '9639de9e-1ecd-40b0-8950-f512574c2b49', 2, 'Update Attached', 'App\\Models\\Supplier', 2, 'App\\Models\\RawMaterial', 9, 'Illuminate\\Database\\Eloquent\\Relations\\Pivot', NULL, '', 'finished', '', '2022-05-05 12:15:22', '2022-05-05 12:15:22', '{\"price_factor\":1,\"is_available\":1}', '{\"price_factor\":\"0.9\",\"is_available\":true}'),
(446, '9639ded0-36b3-44b1-a40b-1ee9b0dc5884', 2, 'Update Attached', 'App\\Models\\Supplier', 2, 'App\\Models\\RawMaterial', 8, 'Illuminate\\Database\\Eloquent\\Relations\\Pivot', NULL, '', 'finished', '', '2022-05-05 12:15:54', '2022-05-05 12:15:54', '{\"price_factor\":1,\"is_available\":1}', '{\"price_factor\":\"0.9\",\"is_available\":true}'),
(447, '9639dee6-ff3b-457d-9da1-f38d615f43d8', 2, 'Update Attached', 'App\\Models\\Supplier', 2, 'App\\Models\\RawMaterial', 7, 'Illuminate\\Database\\Eloquent\\Relations\\Pivot', NULL, '', 'finished', '', '2022-05-05 12:16:09', '2022-05-05 12:16:09', '{\"price_factor\":1,\"is_available\":1}', '{\"price_factor\":\"0.9\",\"is_available\":true}'),
(448, '9639deee-60be-4070-914d-d90515049212', 2, 'Update Attached', 'App\\Models\\Supplier', 2, 'App\\Models\\RawMaterial', 7, 'Illuminate\\Database\\Eloquent\\Relations\\Pivot', NULL, '', 'finished', '', '2022-05-05 12:16:14', '2022-05-05 12:16:14', '{\"is_available\":1}', '{\"is_available\":true}'),
(449, '9639df1f-6494-4cc9-91c4-50dadf325fa3', 2, 'Update Attached', 'App\\Models\\Supplier', 2, 'App\\Models\\RawMaterial', 6, 'Illuminate\\Database\\Eloquent\\Relations\\Pivot', NULL, '', 'finished', '', '2022-05-05 12:16:46', '2022-05-05 12:16:46', '{\"price_factor\":1,\"is_available\":1}', '{\"price_factor\":\"0.9\",\"is_available\":true}'),
(450, '9639df39-566a-4cf8-986f-95bbeabf47ac', 2, 'Update Attached', 'App\\Models\\Supplier', 2, 'App\\Models\\RawMaterial', 5, 'Illuminate\\Database\\Eloquent\\Relations\\Pivot', NULL, '', 'finished', '', '2022-05-05 12:17:03', '2022-05-05 12:17:03', '{\"price_factor\":1,\"is_available\":1}', '{\"price_factor\":\"0.9\",\"is_available\":true}'),
(451, '9639fbfb-1d4e-4420-be40-51d6f968e734', 2, 'Update', 'App\\Models\\GameSetting', 14, 'App\\Models\\GameSetting', 14, 'App\\Models\\GameSetting', 14, '', 'finished', '', '2022-05-05 13:37:28', '2022-05-05 13:37:28', '{\"value\":\"2\",\"default_value\":\"2\"}', '{\"value\":\"2.5\",\"default_value\":\"2.5\"}'),
(452, '9639fc2c-9e3f-4b25-84ef-b28d9930689a', 2, 'Update', 'App\\Models\\GameSetting', 15, 'App\\Models\\GameSetting', 15, 'App\\Models\\GameSetting', 15, '', 'finished', '', '2022-05-05 13:38:00', '2022-05-05 13:38:00', '{\"value\":\"3\",\"default_value\":\"3\"}', '{\"value\":\"7\",\"default_value\":\"7\"}'),
(453, '963cddc4-4666-423d-aa20-eada6b255665', 2, 'Update', 'App\\Models\\GameSetting', 9, 'App\\Models\\GameSetting', 9, 'App\\Models\\GameSetting', 9, '', 'finished', '', '2022-05-07 00:00:28', '2022-05-07 00:00:28', '{\"value\":\"0.1\",\"default_value\":\"0.1\"}', '{\"value\":\"0.05\",\"default_value\":\"0.05\"}'),
(454, '963cfbb5-e0ae-46c2-8297-31bb26e86130', 2, 'Update', 'App\\Models\\Indicator', 9, 'App\\Models\\Indicator', 9, 'App\\Models\\Indicator', 9, '', 'finished', '', '2022-05-07 01:24:12', '2022-05-07 01:24:12', '{\"starting_value\":10,\"is_financial\":0}', '{\"starting_value\":\"1\",\"is_financial\":false}'),
(455, '963cfbb9-086a-4cb5-83ef-6afd03020916', 2, 'Update', 'App\\Models\\Indicator', 9, 'App\\Models\\Indicator', 9, 'App\\Models\\Indicator', 9, '', 'finished', '', '2022-05-07 01:24:14', '2022-05-07 01:24:14', '{\"is_financial\":0}', '{\"is_financial\":false}'),
(456, '963cfbd7-4ba5-4a5c-8643-2c331eef15fd', 2, 'Update', 'App\\Models\\Indicator', 4, 'App\\Models\\Indicator', 4, 'App\\Models\\Indicator', 4, '', 'finished', '', '2022-05-07 01:24:33', '2022-05-07 01:24:33', '{\"starting_value\":8,\"is_financial\":0}', '{\"starting_value\":\"1\",\"is_financial\":false}'),
(457, '963cfc64-3e40-4e73-9f09-c52ba91149c7', 2, 'Update', 'App\\Models\\Indicator', 12, 'App\\Models\\Indicator', 12, 'App\\Models\\Indicator', 12, '', 'finished', '', '2022-05-07 01:26:06', '2022-05-07 01:26:06', '{\"starting_value\":2000000,\"is_financial\":1}', '{\"starting_value\":\"10000000\",\"is_financial\":true}'),
(458, '963d9998-c1dd-43da-afcf-f614f60fe73b', 2, 'Update', 'App\\Models\\Indicator', 49, 'App\\Models\\Indicator', 49, 'App\\Models\\Indicator', 49, '', 'finished', '', '2022-05-07 08:45:41', '2022-05-07 08:45:41', '{\"name\":\"Chiffre D\'affaires Granola\",\"is_financial\":0}', '{\"name\":\"Granola\",\"is_financial\":false}'),
(459, '963d99ad-98a9-41c5-bfe5-e2331bd63dab', 2, 'Update', 'App\\Models\\Indicator', 48, 'App\\Models\\Indicator', 48, 'App\\Models\\Indicator', 48, '', 'finished', '', '2022-05-07 08:45:54', '2022-05-07 08:45:54', '{\"name\":\"Chiffre D\'affaires C\\u00e9r\\u00e9ales\",\"is_financial\":0}', '{\"name\":\"C\\u00e9r\\u00e9ales\",\"is_financial\":false}'),
(460, '963d99c3-35bb-4cc1-ae31-007c8f79ea2f', 2, 'Update', 'App\\Models\\Indicator', 47, 'App\\Models\\Indicator', 47, 'App\\Models\\Indicator', 47, '', 'finished', '', '2022-05-07 08:46:08', '2022-05-07 08:46:08', '{\"name\":\"Chiffre D\'affaires Sandwich Glac\\u00e9\",\"is_financial\":0}', '{\"name\":\"Sandwich Glac\\u00e9\",\"is_financial\":false}'),
(461, '963d99d4-960e-4437-9072-be237d8a1e7c', 2, 'Update', 'App\\Models\\Indicator', 46, 'App\\Models\\Indicator', 46, 'App\\Models\\Indicator', 46, '', 'finished', '', '2022-05-07 08:46:20', '2022-05-07 08:46:20', '{\"name\":\"Chiffre D\'affaires Cookies\",\"is_financial\":0}', '{\"name\":\"Cookies\",\"is_financial\":false}'),
(462, '963d99e6-6dde-4b58-a58e-9c1f796e5575', 2, 'Update', 'App\\Models\\Indicator', 45, 'App\\Models\\Indicator', 45, 'App\\Models\\Indicator', 45, '', 'finished', '', '2022-05-07 08:46:31', '2022-05-07 08:46:31', '{\"name\":\"Chiffre d\'Affaires Galettes\",\"is_financial\":0}', '{\"name\":\"Galettes\",\"is_financial\":false}'),
(463, '963d9a0d-8018-483d-81db-ca1050ad5ece', 2, 'Update', 'App\\Models\\Indicator', 47, 'App\\Models\\Indicator', 47, 'App\\Models\\Indicator', 47, '', 'finished', '', '2022-05-07 08:46:57', '2022-05-07 08:46:57', '{\"name\":\"Sandwich Glac\\u00e9\",\"is_financial\":0}', '{\"name\":\"Sandwich\",\"is_financial\":false}'),
(464, '963d9a78-c4b0-4b49-b503-34f04b1dd019', 2, 'Update', 'App\\Models\\Indicator', 47, 'App\\Models\\Indicator', 47, 'App\\Models\\Indicator', 47, '', 'finished', '', '2022-05-07 08:48:07', '2022-05-07 08:48:07', '{\"name\":\"Sandwich\",\"is_financial\":0}', '{\"name\":\"Sandwich glac\\u00e9\",\"is_financial\":false}'),
(465, '963db7a6-a60e-4b3d-89b0-7f8485a1f6a6', 4, 'Update', 'App\\Models\\Indicator', 1, 'App\\Models\\Indicator', 1, 'App\\Models\\Indicator', 1, '', 'finished', '', '2022-05-07 10:09:43', '2022-05-07 10:09:43', '{\"starting_value\":4000,\"is_financial\":1}', '{\"starting_value\":\"0\",\"is_financial\":true}'),
(466, '963db7cf-80c4-4d98-a2c3-504ff32e3b2e', 4, 'Update', 'App\\Models\\Indicator', 49, 'App\\Models\\Indicator', 49, 'App\\Models\\Indicator', 49, '', 'finished', '', '2022-05-07 10:10:10', '2022-05-07 10:10:10', '{\"starting_value\":1000,\"is_financial\":0}', '{\"starting_value\":\"0\",\"is_financial\":false}'),
(467, '963db7e1-8055-4c99-b690-390a5a60872a', 4, 'Update', 'App\\Models\\Indicator', 48, 'App\\Models\\Indicator', 48, 'App\\Models\\Indicator', 48, '', 'finished', '', '2022-05-07 10:10:21', '2022-05-07 10:10:21', '{\"starting_value\":1000,\"is_financial\":0}', '{\"starting_value\":\"0\",\"is_financial\":false}'),
(468, '963db835-8e4f-46fe-9826-f693912a72b9', 4, 'Update', 'App\\Models\\Indicator', 47, 'App\\Models\\Indicator', 47, 'App\\Models\\Indicator', 47, '', 'finished', '', '2022-05-07 10:11:16', '2022-05-07 10:11:16', '{\"starting_value\":1000,\"is_financial\":0}', '{\"starting_value\":\"0\",\"is_financial\":false}'),
(469, '963db858-48be-4c15-bd6f-900a93054b22', 4, 'Update', 'App\\Models\\Indicator', 46, 'App\\Models\\Indicator', 46, 'App\\Models\\Indicator', 46, '', 'finished', '', '2022-05-07 10:11:39', '2022-05-07 10:11:39', '{\"starting_value\":1000,\"is_financial\":0}', '{\"starting_value\":\"0\",\"is_financial\":false}'),
(470, '963db86d-597e-4d34-bdf4-a07760510b83', 4, 'Update', 'App\\Models\\Indicator', 45, 'App\\Models\\Indicator', 45, 'App\\Models\\Indicator', 45, '', 'finished', '', '2022-05-07 10:11:53', '2022-05-07 10:11:53', '{\"starting_value\":1000,\"is_financial\":0}', '{\"starting_value\":\"0\",\"is_financial\":false}'),
(471, '963db8de-8570-4219-92d3-da18d0beb08e', 4, 'Update', 'App\\Models\\Indicator', 9, 'App\\Models\\Indicator', 9, 'App\\Models\\Indicator', 9, '', 'finished', '', '2022-05-07 10:13:07', '2022-05-07 10:13:07', '{\"starting_value\":1,\"is_financial\":0}', '{\"starting_value\":\"3\",\"is_financial\":false}'),
(472, '963db9b3-2be2-4ed3-9864-e048ffb507a4', 4, 'Update', 'App\\Models\\Indicator', 4, 'App\\Models\\Indicator', 4, 'App\\Models\\Indicator', 4, '', 'finished', '', '2022-05-07 10:15:26', '2022-05-07 10:15:26', '{\"starting_value\":1,\"is_financial\":0}', '{\"starting_value\":\"3\",\"is_financial\":false}'),
(473, '963dbacc-cc65-4908-b412-10eec4147ec1', 4, 'Update', 'App\\Models\\GameSetting', 19, 'App\\Models\\GameSetting', 19, 'App\\Models\\GameSetting', 19, '', 'finished', '', '2022-05-07 10:18:31', '2022-05-07 10:18:31', '{\"value\":\"0.35\",\"default_value\":\"0.35\"}', '{\"value\":\"0.25\",\"default_value\":\"0.25\"}'),
(474, '963dbb78-be2c-4425-a66a-f301715dc549', 4, 'Update', 'App\\Models\\GameSetting', 30, 'App\\Models\\GameSetting', 30, 'App\\Models\\GameSetting', 30, '', 'finished', '', '2022-05-07 10:20:24', '2022-05-07 10:20:24', '{\"value\":\"0.2\",\"default_value\":\"0.2\"}', '{\"value\":\"0.1\",\"default_value\":\"0.1\"}'),
(475, '963dc201-5d02-4359-a68c-34ade531730d', 4, 'Update', 'App\\Models\\Product', 8, 'App\\Models\\Product', 8, 'App\\Models\\Product', 8, '', 'finished', '', '2022-05-07 10:38:40', '2022-05-07 10:38:40', '{\"price_min\":250,\"price_max\":325}', '{\"price_min\":\"300\",\"price_max\":\"375\"}'),
(476, '963dd911-1bca-4060-8be1-6db0491771d4', 4, 'Update', 'App\\Models\\Product', 5, 'App\\Models\\Product', 5, 'App\\Models\\Product', 5, '', 'finished', '', '2022-05-07 11:43:09', '2022-05-07 11:43:09', '{\"description\":\"Galettes \\u00e0 la base du bl\\u00e9 qui conviennent tous les jours, un produit simple mais un go\\u00fbt unique. \"}', '{\"description\":\"Galettes \\u00e0 la base du bl\\u00e9 qui conviennent tous les jours, un produit simple mais un go\\u00fbt unique.\"}'),
(477, '963dd979-927a-4bfd-8e2c-127643dc06f8', 4, 'Update Attached', 'App\\Models\\Product', 5, 'App\\Models\\RawMaterial', 4, 'Illuminate\\Database\\Eloquent\\Relations\\Pivot', NULL, '', 'finished', '', '2022-05-07 11:44:17', '2022-05-07 11:44:17', '{\"quantity\":270}', '{\"quantity\":\"300\"}'),
(478, '963dd9fa-c152-41c7-8060-5709c17b5fe4', 4, 'Update Attached', 'App\\Models\\Product', 5, 'App\\Models\\RawMaterial', 4, 'Illuminate\\Database\\Eloquent\\Relations\\Pivot', NULL, '', 'finished', '', '2022-05-07 11:45:42', '2022-05-07 11:45:42', '{\"quantity\":300}', '{\"quantity\":\"270\"}'),
(479, '963ddd63-c966-46c0-91ac-b77fa431849f', 4, 'Update', 'App\\Models\\Product', 5, 'App\\Models\\Product', 5, 'App\\Models\\Product', 5, '', 'finished', '', '2022-05-07 11:55:14', '2022-05-07 11:55:14', '{\"unit_prod_price\":70.65}', '{\"unit_prod_price\":\"26\"}'),
(480, '963ddd8d-65de-4691-8e42-46daf62398d3', 4, 'Update', 'App\\Models\\Product', 6, 'App\\Models\\Product', 6, 'App\\Models\\Product', 6, '', 'finished', '', '2022-05-07 11:55:42', '2022-05-07 11:55:42', '{\"description\":\"Des cookies croustillants et savoureux,incontournables pour les gourmets . \\n\",\"unit_prod_price\":96.75}', '{\"description\":\"Des cookies croustillants et savoureux,incontournables pour les gourmets .\",\"unit_prod_price\":\"20\"}'),
(481, '963ddde4-df9a-4377-ad34-d9c94228ad7a', 4, 'Update', 'App\\Models\\Product', 7, 'App\\Models\\Product', 7, 'App\\Models\\Product', 7, '', 'finished', '', '2022-05-07 11:56:39', '2022-05-07 11:56:39', '{\"unit_prod_price\":185.7}', '{\"unit_prod_price\":\"10\"}'),
(482, '963dde01-49ab-4dc8-8929-60cb170debbf', 4, 'Update', 'App\\Models\\Product', 8, 'App\\Models\\Product', 8, 'App\\Models\\Product', 8, '', 'finished', '', '2022-05-07 11:56:57', '2022-05-07 11:56:57', '{\"unit_prod_price\":270.3}', '{\"unit_prod_price\":\"15\"}'),
(483, '963dde1b-5dcc-4902-81aa-18742178ec45', 4, 'Update', 'App\\Models\\Product', 9, 'App\\Models\\Product', 9, 'App\\Models\\Product', 9, '', 'finished', '', '2022-05-07 11:57:15', '2022-05-07 11:57:15', '{\"description\":\"Granola:un produit  de luxe d\\u00e9di\\u00e9 aux gens qui cherchent un bon go\\u00fbt accompagn\\u00e9 d\'une meilleure qualit\\u00e9. \",\"unit_prod_price\":359.5}', '{\"description\":\"Granola:un produit  de luxe d\\u00e9di\\u00e9 aux gens qui cherchent un bon go\\u00fbt accompagn\\u00e9 d\'une meilleure qualit\\u00e9.\",\"unit_prod_price\":\"15\"}'),
(484, '963e49fd-9c6e-4880-93c8-e08d8b24268f', 2, 'Update', 'App\\Models\\Indicator', 31, 'App\\Models\\Indicator', 31, 'App\\Models\\Indicator', 31, '', 'finished', '', '2022-05-07 16:58:55', '2022-05-07 16:58:55', '{\"starting_value\":0.6,\"is_financial\":0}', '{\"starting_value\":\"1\",\"is_financial\":false}'),
(485, '9641ec60-578e-4674-84a3-76efaa4f7dcd', 20, 'Create', 'App\\Models\\User', 22, 'App\\Models\\User', 22, 'App\\Models\\User', 22, '', 'finished', '', '2022-05-09 12:20:28', '2022-05-09 12:20:28', NULL, '{\"name\":\"rafik\",\"email\":\"rafik@bg.iec\",\"type\":\"entreprise\",\"updated_at\":\"2022-05-09T12:20:27.000000Z\",\"created_at\":\"2022-05-09T12:20:27.000000Z\",\"id\":22}'),
(486, '9641ee31-78c3-4cd6-ad3a-a534b88ec5f2', 20, 'Create', 'App\\Models\\User', 23, 'App\\Models\\User', 23, 'App\\Models\\User', 23, '', 'finished', '', '2022-05-09 12:25:32', '2022-05-09 12:25:32', NULL, '{\"name\":\"mehdi\",\"email\":\"mehdi@bg.iec\",\"type\":\"entreprise\",\"updated_at\":\"2022-05-09T12:25:32.000000Z\",\"created_at\":\"2022-05-09T12:25:32.000000Z\",\"id\":23}'),
(487, '9641ee97-7a05-49da-b036-841b15cd6326', 20, 'Create', 'App\\Models\\User', 24, 'App\\Models\\User', 24, 'App\\Models\\User', 24, '', 'finished', '', '2022-05-09 12:26:39', '2022-05-09 12:26:39', NULL, '{\"name\":\"samah\",\"email\":\"samah@bg.iec\",\"type\":\"entreprise\",\"updated_at\":\"2022-05-09T12:26:39.000000Z\",\"created_at\":\"2022-05-09T12:26:39.000000Z\",\"id\":24}'),
(488, '9641f28a-d07d-464e-83ec-9a8150aef3c0', 2, 'Create', 'App\\Models\\User', 25, 'App\\Models\\User', 25, 'App\\Models\\User', 25, '', 'finished', '', '2022-05-09 12:37:42', '2022-05-09 12:37:42', NULL, '{\"name\":\"maissa\",\"email\":\"maissa@bg.iec\",\"type\":\"entreprise\",\"updated_at\":\"2022-05-09T12:37:42.000000Z\",\"created_at\":\"2022-05-09T12:37:42.000000Z\",\"id\":25}'),
(489, '9641f2b1-7ed2-42c6-a458-a6d7ddec6ce5', 2, 'Create', 'App\\Models\\User', 26, 'App\\Models\\User', 26, 'App\\Models\\User', 26, '', 'finished', '', '2022-05-09 12:38:07', '2022-05-09 12:38:07', NULL, '{\"name\":\"kimo\",\"email\":\"kimo@bg.iec\",\"type\":\"entreprise\",\"updated_at\":\"2022-05-09T12:38:07.000000Z\",\"created_at\":\"2022-05-09T12:38:07.000000Z\",\"id\":26}'),
(490, '9641f3d3-1619-4100-93ce-eff4522763b7', 2, 'Create', 'App\\Models\\User', 27, 'App\\Models\\User', 27, 'App\\Models\\User', 27, '', 'finished', '', '2022-05-09 12:41:17', '2022-05-09 12:41:17', NULL, '{\"name\":\"nigma\",\"email\":\"nigma@bg.iec\",\"type\":\"entreprise\",\"updated_at\":\"2022-05-09T12:41:17.000000Z\",\"created_at\":\"2022-05-09T12:41:17.000000Z\",\"id\":27}'),
(491, '9644ae88-6c8f-4bb2-a53e-08a0ba87e8f1', 2, 'Delete', 'App\\Models\\User', 27, 'App\\Models\\User', 27, 'App\\Models\\User', 27, '', 'finished', '', '2022-05-10 21:15:01', '2022-05-10 21:15:01', NULL, NULL),
(492, '9644ae91-2174-49e9-9f5e-222cb653f67b', 2, 'Delete', 'App\\Models\\User', 26, 'App\\Models\\User', 26, 'App\\Models\\User', 26, '', 'finished', '', '2022-05-10 21:15:06', '2022-05-10 21:15:06', NULL, NULL),
(493, '964694bf-645a-4011-b4d4-5cd425c7fbbd', 2, 'Update', 'App\\Models\\User', 2, 'App\\Models\\User', 2, 'App\\Models\\User', 2, '', 'finished', '', '2022-05-11 19:54:35', '2022-05-11 19:54:35', '{\"name\":\"smail\",\"email\":\"smail@bg.iec\",\"password\":\"$2y$10$wcwdkleqeQ9pXzBFdLs33eQEsjr\\/l2H3uGvQi\\/CfakvbPRkGVK.ky\"}', '{\"name\":\"Le Wiki\",\"email\":\"lewiki@bg.iec\",\"password\":\"$2y$10$IweRDZ44JsCGCKgJtGzALeWJ3Ts\\/c5AwGwASF8QeWRY5OkjPem7sa\"}'),
(494, '9646960d-d732-4ed7-8a8b-d475ea12bc17', 2, 'Update', 'App\\Models\\User', 4, 'App\\Models\\User', 4, 'App\\Models\\User', 4, '', 'finished', '', '2022-05-11 19:58:13', '2022-05-11 19:58:13', '{\"name\":\"Fares\",\"email\":\"fares@bg.iec\",\"password\":\"$2y$10$.0SLHPEVme4QhYfGv4EZ8OGnmCN0wzjOl19sY8J9r\\/FlU37Kw66mG\"}', '{\"name\":\"CTW\",\"email\":\"ctw@bg.iec\",\"password\":\"$2y$10$AXayVt9ZGzF5Gsusg\\/I8IO6drRD1jpY4I9CYGYOAjszmI9xzu6d5O\"}'),
(495, '9646963f-62fe-4bb4-914b-f592ce293798', 2, 'Update', 'App\\Models\\User', 5, 'App\\Models\\User', 5, 'App\\Models\\User', 5, '', 'finished', '', '2022-05-11 19:58:46', '2022-05-11 19:58:46', '{\"name\":\"sofiane\",\"email\":\"sofiane@bg.iec\",\"password\":\"$2y$10$fJTnBxC1UeupMUbch8cni.r3Wqw8lYjhAU0t9yWPFGNPXSqPdviRO\"}', '{\"name\":\"\\u00c9quipe-A\",\"email\":\"equipea@bg.iec\",\"password\":\"$2y$10$KGN3nyz.gchJeJZbyXNtFOavLTGjF6AvKK71r0iBnZwpKm3lsbe2e\"}'),
(496, '96469667-bd31-4ab5-a747-4ed0d62df777', 2, 'Update', 'App\\Models\\User', 7, 'App\\Models\\User', 7, 'App\\Models\\User', 7, '', 'finished', '', '2022-05-11 19:59:12', '2022-05-11 19:59:12', '{\"name\":\"Raihane\",\"email\":\"raihane@bg.iec\",\"password\":\"$2y$10$GpkzwJY60qNhOjU2ADruLOhrUTgwgGImn9az9I68tNr2i1mpWyTSC\"}', '{\"name\":\"Astend\'s\",\"email\":\"astends@bg.iec\",\"password\":\"$2y$10$v41TrPwh9I6cLdhj56dfeOqoRDL0JftagP7JJBaZMFl\\/wvnarCsSG\"}'),
(497, '964696ca-4de3-4c77-bbbc-19759484fca3', 2, 'Update', 'App\\Models\\User', 11, 'App\\Models\\User', 11, 'App\\Models\\User', 11, '', 'finished', '', '2022-05-11 20:00:17', '2022-05-11 20:00:17', '{\"name\":\"haithem\",\"email\":\"haithem@bg.iec\",\"password\":\"$2y$10$j3jm3lvcBlUbHVmnw1YAEedYe5Yor\\/euhDon4NKIWXM\\/aYWP6rtk2\"}', '{\"name\":\"Durbin Watson\",\"email\":\"durbinwatson@bg.iec\",\"password\":\"$2y$10$wRmFVTjX7.aUWPiXTTpFQeg8Alz4gDu0P8ou60BgtkXS12xQ2xCu.\"}'),
(498, '96469723-e335-4a62-98bc-a9b839b4e852', 2, 'Update', 'App\\Models\\User', 13, 'App\\Models\\User', 13, 'App\\Models\\User', 13, '', 'finished', '', '2022-05-11 20:01:15', '2022-05-11 20:01:15', '{\"name\":\"Ryad\",\"email\":\"ryad@bg.iec\",\"password\":\"$2y$10$lHyI7mabedEmVjM0JtCCLub\\/kgLhsnGET7oFSayYUZtj36isvunUq\"}', '{\"name\":\"Stem\'s (3\\/1)\",\"email\":\"stems@bg.iec\",\"password\":\"$2y$10$.GiUhfTgUySWDqo\\/M7ioMePXUtqMgP.ysV38I.0gjcQaNSi3r5ihe\"}'),
(499, '96469754-34e5-4877-97a0-b7f148c40da9', 2, 'Update', 'App\\Models\\User', 14, 'App\\Models\\User', 14, 'App\\Models\\User', 14, '', 'finished', '', '2022-05-11 20:01:47', '2022-05-11 20:01:47', '{\"name\":\"sihem\",\"email\":\"sihem@bg.iec\",\"password\":\"$2y$10$xiCY4U3Ys.xENacDU9YZ5e3LEZG2gvnw797aDfb\\/o8cSKtx59QApq\"}', '{\"name\":\"ISSC\",\"email\":\"issc@bg.iec\",\"password\":\"$2y$10$ecs0rH24aLSAkksqn5UhKOo2Kjmeql\\/GwTzMKcKc4Z.lRQqEFP4Ja\"}'),
(500, '9646978a-71cf-4482-8625-0d597b9a0a6f', 2, 'Update', 'App\\Models\\User', 22, 'App\\Models\\User', 22, 'App\\Models\\User', 22, '', 'finished', '', '2022-05-11 20:02:23', '2022-05-11 20:02:23', '{\"name\":\"rafik\",\"email\":\"rafik@bg.iec\",\"password\":\"$2y$10$SnXWwoyN6sJ9e\\/jMTmzoVOQUr9jHm2.hzORWFe0C.gHYIFmTN9Myu\"}', '{\"name\":\"Krieger\",\"email\":\"krieger@bg.iec\",\"password\":\"$2y$10$G5mqjymxoUU.qQCq51WOgOpderOMU7wd243r900t6BrTo\\/xb2khMK\"}'),
(501, '964697de-f238-4d1c-b262-0850b9ad17e5', 2, 'Update', 'App\\Models\\User', 23, 'App\\Models\\User', 23, 'App\\Models\\User', 23, '', 'finished', '', '2022-05-11 20:03:18', '2022-05-11 20:03:18', '{\"name\":\"mehdi\",\"email\":\"mehdi@bg.iec\",\"password\":\"$2y$10$txfwk2HOFX\\/txWKcini3Q.IRfIFsIu91RT2UIrLTa5GRn15PFJgQC\"}', '{\"name\":\"The Mustekers\",\"email\":\"themustekers@bg.iec\",\"password\":\"$2y$10$UOfZ5r2V7mrfhZbRnrY6YusC5OYkx5pe36nME5Mf6TaODOyRzSvDm\"}'),
(502, '96469807-e5cd-4d54-9831-ec0ef5dc172c', 2, 'Update', 'App\\Models\\User', 25, 'App\\Models\\User', 25, 'App\\Models\\User', 25, '', 'finished', '', '2022-05-11 20:03:45', '2022-05-11 20:03:45', '{\"name\":\"maissa\",\"email\":\"maissa@bg.iec\",\"password\":\"$2y$10$ujgnDD7Y1g3f0tu0OVCnpe6cLk\\/vG7l59P0k\\/q0rqKrJz\\/7zj8fpa\"}', '{\"name\":\"CAP\",\"email\":\"cap@bg.iec\",\"password\":\"$2y$10$i8mVBjiPvuj53mMQvZ7eYO2Felozq1m4za3mpPAE5kL94RVjE8DuO\"}');

-- --------------------------------------------------------

--
-- Table structure for table `ads`
--

DROP TABLE IF EXISTS `ads`;
CREATE TABLE IF NOT EXISTS `ads` (
  `id` bigint(20) UNSIGNED NOT NULL AUTO_INCREMENT,
  `created_at` timestamp NULL DEFAULT NULL,
  `updated_at` timestamp NULL DEFAULT NULL,
  `entreprise_id` bigint(20) UNSIGNED NOT NULL,
  `amount` bigint(20) DEFAULT NULL,
  `result` bigint(20) DEFAULT NULL,
  `type` varchar(191) COLLATE utf8mb4_unicode_ci DEFAULT NULL,
  `status` text COLLATE utf8mb4_unicode_ci,
  `days` int(11) DEFAULT NULL,
  `creation_date` int(11) NOT NULL,
  `predicted_result` bigint(20) DEFAULT NULL,
  PRIMARY KEY (`id`),
  KEY `ads_entreprise_id_foreign` (`entreprise_id`)
) ENGINE=MyISAM AUTO_INCREMENT=124 DEFAULT CHARSET=utf8mb4 COLLATE=utf8mb4_unicode_ci;

-- --------------------------------------------------------

--
-- Table structure for table `commands`
--

DROP TABLE IF EXISTS `commands`;
CREATE TABLE IF NOT EXISTS `commands` (
  `command_id` int(11) NOT NULL,
  `supplier_id` bigint(20) UNSIGNED NOT NULL,
  `entreprise_id` bigint(20) UNSIGNED NOT NULL,
  `raw_material_id` bigint(20) UNSIGNED NOT NULL,
  `quantity` bigint(20) DEFAULT NULL,
  `price` bigint(20) DEFAULT NULL,
  `created_at` timestamp NULL DEFAULT NULL,
  `updated_at` timestamp NULL DEFAULT NULL,
  `status` varchar(191) COLLATE utf8mb4_unicode_ci DEFAULT NULL,
  `creation_date` int(11) NOT NULL DEFAULT '0',
  `item_id` int(11) NOT NULL,
  `time_to_ship` int(11) NOT NULL,
  PRIMARY KEY (`command_id`,`raw_material_id`,`item_id`),
  KEY `commands_entreprise_id_foreign` (`entreprise_id`),
  KEY `commands_supplier_id_foreign` (`supplier_id`),
  KEY `commands_raw_material_id_foreign` (`raw_material_id`)
) ENGINE=MyISAM DEFAULT CHARSET=utf8mb4 COLLATE=utf8mb4_unicode_ci;

-- --------------------------------------------------------

--
-- Table structure for table `daily_stats`
--

DROP TABLE IF EXISTS `daily_stats`;
CREATE TABLE IF NOT EXISTS `daily_stats` (
  `id` bigint(20) UNSIGNED NOT NULL AUTO_INCREMENT,
  `created_at` timestamp NULL DEFAULT NULL,
  `updated_at` timestamp NULL DEFAULT NULL,
  `day` int(11) NOT NULL,
  `entreprise_id` int(11) NOT NULL,
  `sales` bigint(20) NOT NULL,
  `caisse` bigint(20) NOT NULL,
  PRIMARY KEY (`id`)
) ENGINE=MyISAM DEFAULT CHARSET=utf8mb4 COLLATE=utf8mb4_unicode_ci;

-- --------------------------------------------------------

--
-- Table structure for table `departments`
--

DROP TABLE IF EXISTS `departments`;
CREATE TABLE IF NOT EXISTS `departments` (
  `id` bigint(20) UNSIGNED NOT NULL AUTO_INCREMENT,
  `name` varchar(191) COLLATE utf8mb4_unicode_ci NOT NULL,
  `starting_worker_nb` int(11) DEFAULT NULL,
  `created_at` timestamp NULL DEFAULT NULL,
  `updated_at` timestamp NULL DEFAULT NULL,
  `icon` varchar(191) COLLATE utf8mb4_unicode_ci DEFAULT NULL,
  PRIMARY KEY (`id`)
) ENGINE=MyISAM AUTO_INCREMENT=6 DEFAULT CHARSET=utf8mb4 COLLATE=utf8mb4_unicode_ci;

--
-- Dumping data for table `departments`
--

INSERT INTO `departments` (`id`, `name`, `starting_worker_nb`, `created_at`, `updated_at`, `icon`) VALUES
(1, 'Production', 5, '2021-03-20 20:44:18', '2021-03-20 21:23:16', 'fa-industry'),
(2, 'Approvisionnement', 2, '2021-03-20 21:23:44', '2021-03-20 21:23:44', 'fa-box-open'),
(3, 'Marketing', 5, '2021-03-20 21:23:58', '2021-03-20 21:23:58', 'fa-ad'),
(4, 'Finance', 3, '2021-03-20 21:25:16', '2021-03-20 21:25:16', 'fa-file-invoice-dollar'),
(5, 'Ressources Humaines', 2, '2021-03-20 21:32:30', '2021-04-08 10:53:02', 'fa-users');

-- --------------------------------------------------------

--
-- Table structure for table `entreprises`
--

DROP TABLE IF EXISTS `entreprises`;
CREATE TABLE IF NOT EXISTS `entreprises` (
  `id` bigint(20) UNSIGNED NOT NULL AUTO_INCREMENT,
  `name` varchar(191) COLLATE utf8mb4_unicode_ci NOT NULL,
  `email` varchar(191) COLLATE utf8mb4_unicode_ci NOT NULL,
  `email_verified_at` timestamp NULL DEFAULT NULL,
  `password` varchar(191) COLLATE utf8mb4_unicode_ci NOT NULL,
  `remember_token` varchar(100) COLLATE utf8mb4_unicode_ci DEFAULT NULL,
  `created_at` timestamp NULL DEFAULT NULL,
  `updated_at` timestamp NULL DEFAULT NULL,
  PRIMARY KEY (`id`),
  UNIQUE KEY `entreprises_email_unique` (`email`)
) ENGINE=MyISAM AUTO_INCREMENT=2 DEFAULT CHARSET=utf8mb4 COLLATE=utf8mb4_unicode_ci;

--
-- Dumping data for table `entreprises`
--

INSERT INTO `entreprises` (`id`, `name`, `email`, `email_verified_at`, `password`, `remember_token`, `created_at`, `updated_at`) VALUES
(1, 'GSK', 'gsk@bg.com', NULL, '$2y$10$b2uirxheG/2/QTlLlKpemuBtmob4dgRkgyxYUJGAo74.dUkncxWPK', NULL, '2021-03-17 12:57:15', '2021-03-17 12:57:15');

-- --------------------------------------------------------

--
-- Table structure for table `entreprise_indicator`
--

DROP TABLE IF EXISTS `entreprise_indicator`;
CREATE TABLE IF NOT EXISTS `entreprise_indicator` (
  `id` int(10) UNSIGNED NOT NULL AUTO_INCREMENT,
  `entreprise_id` int(11) NOT NULL,
  `indicator_id` int(11) NOT NULL,
  `value` double DEFAULT NULL,
  `phase` int(11) NOT NULL DEFAULT '0',
  PRIMARY KEY (`id`)
) ENGINE=MyISAM AUTO_INCREMENT=673 DEFAULT CHARSET=utf8mb4 COLLATE=utf8mb4_unicode_ci;

--
-- Dumping data for table `entreprise_indicator`
--

INSERT INTO `entreprise_indicator` (`id`, `entreprise_id`, `indicator_id`, `value`, `phase`) VALUES
(1, 2, 1, 0, 0),
(2, 2, 2, 8, 0),
(3, 2, 3, 0, 0),
(4, 2, 4, 3, 0),
(5, 2, 5, 3, 0),
(6, 2, 6, 3, 0),
(7, 2, 7, 3, 0),
(8, 2, 8, 3, 0),
(9, 2, 9, 3, 0),
(10, 2, 11, 0.01, 0),
(11, 2, 12, 50000000, 0),
(12, 2, 13, 0, 0),
(13, 2, 14, 0.7, 0),
(14, 2, 15, 0, 0),
(15, 2, 16, 0, 0),
(16, 2, 17, 10, 0),
(17, 2, 18, 0, 0),
(18, 2, 19, 0, 0),
(19, 2, 20, 0, 0),
(20, 2, 21, 1, 0),
(21, 2, 22, 0, 0),
(22, 2, 23, 0.7, 0),
(23, 2, 24, 0, 0),
(24, 2, 25, 1000, 0),
(25, 2, 26, 1000, 0),
(26, 2, 27, 1000, 0),
(27, 2, 28, 1000, 0),
(28, 2, 29, 0, 0),
(29, 2, 30, 1, 0),
(30, 2, 31, 1, 0),
(31, 2, 32, 0, 0),
(32, 4, 1, 0, 0),
(33, 4, 2, 8, 0),
(34, 4, 3, 0, 0),
(35, 4, 4, 3, 0),
(36, 4, 5, 3, 0),
(37, 4, 6, 3, 0),
(38, 4, 7, 3, 0),
(39, 4, 8, 3, 0),
(40, 4, 9, 3, 0),
(41, 4, 11, 0.01, 0),
(42, 4, 12, 50000000, 0),
(43, 4, 13, 0, 0),
(44, 4, 14, 0.7, 0),
(45, 4, 15, 0, 0),
(46, 4, 16, 0, 0),
(47, 4, 17, 10, 0),
(48, 4, 18, 0, 0),
(49, 4, 19, 0, 0),
(50, 4, 20, 0, 0),
(51, 4, 21, 1, 0),
(52, 4, 22, 0, 0),
(53, 4, 23, 0.7, 0),
(54, 4, 24, 0, 0),
(55, 4, 25, 1000, 0),
(56, 4, 26, 1000, 0),
(57, 4, 27, 1000, 0),
(58, 4, 28, 1000, 0),
(59, 4, 29, 0, 0),
(60, 4, 30, 1, 0),
(61, 4, 31, 1, 0),
(62, 4, 32, 0, 0),
(63, 5, 1, 0, 0),
(64, 5, 2, 8, 0),
(65, 5, 3, 0, 0),
(66, 5, 4, 3, 0),
(67, 5, 5, 3, 0),
(68, 5, 6, 3, 0),
(69, 5, 7, 3, 0),
(70, 5, 8, 3, 0),
(71, 5, 9, 3, 0),
(72, 5, 11, 0.01, 0),
(73, 5, 12, 50000000, 0),
(74, 5, 13, 0, 0),
(75, 5, 14, 0.7, 0),
(76, 5, 15, 0, 0),
(77, 5, 16, 0, 0),
(78, 5, 17, 10, 0),
(79, 5, 18, 0, 0),
(80, 5, 19, 0, 0),
(81, 5, 20, 0, 0),
(82, 5, 21, 1, 0),
(83, 5, 22, 0, 0),
(84, 5, 23, 0.7, 0),
(85, 5, 24, 0, 0),
(86, 5, 25, 1000, 0),
(87, 5, 26, 1000, 0),
(88, 5, 27, 1000, 0),
(89, 5, 28, 1000, 0),
(90, 5, 29, 0, 0),
(91, 5, 30, 1, 0),
(92, 5, 31, 1, 0),
(93, 5, 32, 0, 0),
(94, 7, 1, 0, 0),
(95, 7, 2, 8, 0),
(96, 7, 3, 0, 0),
(97, 7, 4, 3, 0),
(98, 7, 5, 3, 0),
(99, 7, 6, 3, 0),
(100, 7, 7, 3, 0),
(101, 7, 8, 3, 0),
(102, 7, 9, 3, 0),
(103, 7, 11, 0.01, 0),
(104, 7, 12, 50000000, 0),
(105, 7, 13, 0, 0),
(106, 7, 14, 0.7, 0),
(107, 7, 15, 0, 0),
(108, 7, 16, 0, 0),
(109, 7, 17, 10, 0),
(110, 7, 18, 0, 0),
(111, 7, 19, 0, 0),
(112, 7, 20, 0, 0),
(113, 7, 21, 1, 0),
(114, 7, 22, 0, 0),
(115, 7, 23, 0.7, 0),
(116, 7, 24, 0, 0),
(117, 7, 25, 1000, 0),
(118, 7, 26, 1000, 0),
(119, 7, 27, 1000, 0),
(120, 7, 28, 1000, 0),
(121, 7, 29, 0, 0),
(122, 7, 30, 1, 0),
(123, 7, 31, 1, 0),
(124, 7, 32, 0, 0),
(125, 10, 1, 0, 0),
(126, 10, 2, 8, 0),
(127, 10, 3, 0, 0),
(128, 10, 4, 3, 0),
(129, 10, 5, 3, 0),
(130, 10, 6, 3, 0),
(131, 10, 7, 3, 0),
(132, 10, 8, 3, 0),
(133, 10, 9, 3, 0),
(134, 10, 11, 0.01, 0),
(135, 10, 12, 50000000, 0),
(136, 10, 13, 0, 0),
(137, 10, 14, 0.7, 0),
(138, 10, 15, 0, 0),
(139, 10, 16, 0, 0),
(140, 10, 17, 10, 0),
(141, 10, 18, 0, 0),
(142, 10, 19, 0, 0),
(143, 10, 20, 0, 0),
(144, 10, 21, 1, 0),
(145, 10, 22, 0, 0),
(146, 10, 23, 0.7, 0),
(147, 10, 24, 0, 0),
(148, 10, 25, 1000, 0),
(149, 10, 26, 1000, 0),
(150, 10, 27, 1000, 0),
(151, 10, 28, 1000, 0),
(152, 10, 29, 0, 0),
(153, 10, 30, 1, 0),
(154, 10, 31, 1, 0),
(155, 10, 32, 0, 0),
(156, 11, 1, 0, 0),
(157, 11, 2, 8, 0),
(158, 11, 3, 0, 0),
(159, 11, 4, 3, 0),
(160, 11, 5, 3, 0),
(161, 11, 6, 3, 0),
(162, 11, 7, 3, 0),
(163, 11, 8, 3, 0),
(164, 11, 9, 3, 0),
(165, 11, 11, 0.01, 0),
(166, 11, 12, 50000000, 0),
(167, 11, 13, 0, 0),
(168, 11, 14, 0.7, 0),
(169, 11, 15, 0, 0),
(170, 11, 16, 0, 0),
(171, 11, 17, 10, 0),
(172, 11, 18, 0, 0),
(173, 11, 19, 0, 0),
(174, 11, 20, 0, 0),
(175, 11, 21, 1, 0),
(176, 11, 22, 0, 0),
(177, 11, 23, 0.7, 0),
(178, 11, 24, 0, 0),
(179, 11, 25, 1000, 0),
(180, 11, 26, 1000, 0),
(181, 11, 27, 1000, 0),
(182, 11, 28, 1000, 0),
(183, 11, 29, 0, 0),
(184, 11, 30, 1, 0),
(185, 11, 31, 1, 0),
(186, 11, 32, 0, 0),
(187, 13, 1, 0, 0),
(188, 13, 2, 8, 0),
(189, 13, 3, 0, 0),
(190, 13, 4, 3, 0),
(191, 13, 5, 3, 0),
(192, 13, 6, 3, 0),
(193, 13, 7, 3, 0),
(194, 13, 8, 3, 0),
(195, 13, 9, 3, 0),
(196, 13, 11, 0.01, 0),
(197, 13, 12, 50000000, 0),
(198, 13, 13, 0, 0),
(199, 13, 14, 0.7, 0),
(200, 13, 15, 0, 0),
(201, 13, 16, 0, 0),
(202, 13, 17, 10, 0),
(203, 13, 18, 0, 0),
(204, 13, 19, 0, 0),
(205, 13, 20, 0, 0),
(206, 13, 21, 1, 0),
(207, 13, 22, 0, 0),
(208, 13, 23, 0.7, 0),
(209, 13, 24, 0, 0),
(210, 13, 25, 1000, 0),
(211, 13, 26, 1000, 0),
(212, 13, 27, 1000, 0),
(213, 13, 28, 1000, 0),
(214, 13, 29, 0, 0),
(215, 13, 30, 1, 0),
(216, 13, 31, 1, 0),
(217, 13, 32, 0, 0),
(218, 14, 1, 0, 0),
(219, 14, 2, 8, 0),
(220, 14, 3, 0, 0),
(221, 14, 4, 3, 0),
(222, 14, 5, 3, 0),
(223, 14, 6, 3, 0),
(224, 14, 7, 3, 0),
(225, 14, 8, 3, 0),
(226, 14, 9, 3, 0),
(227, 14, 11, 0.01, 0),
(228, 14, 12, 50000000, 0),
(229, 14, 13, 0, 0),
(230, 14, 14, 0.7, 0),
(231, 14, 15, 0, 0),
(232, 14, 16, 0, 0),
(233, 14, 17, 10, 0),
(234, 14, 18, 0, 0),
(235, 14, 19, 0, 0),
(236, 14, 20, 0, 0),
(237, 14, 21, 1, 0),
(238, 14, 22, 0, 0),
(239, 14, 23, 0.7, 0),
(240, 14, 24, 0, 0),
(241, 14, 25, 1000, 0),
(242, 14, 26, 1000, 0),
(243, 14, 27, 1000, 0),
(244, 14, 28, 1000, 0),
(245, 14, 29, 0, 0),
(246, 14, 30, 1, 0),
(247, 14, 31, 1, 0),
(248, 14, 32, 0, 0),
(249, 2, 33, 0, 0),
(250, 4, 33, 0, 0),
(251, 5, 33, 0, 0),
(252, 7, 33, 0, 0),
(253, 10, 33, 0, 0),
(254, 11, 33, 0, 0),
(255, 13, 33, 0, 0),
(256, 14, 33, 0, 0),
(257, 2, 34, 0, 0),
(258, 4, 34, 0, 0),
(259, 5, 34, 0, 0),
(260, 7, 34, 0, 0),
(261, 10, 34, 0, 0),
(262, 11, 34, 0, 0),
(263, 13, 34, 0, 0),
(264, 14, 34, 0, 0),
(265, 2, 35, 0, 0),
(266, 4, 35, 0, 0),
(267, 5, 35, 0, 0),
(268, 7, 35, 0, 0),
(269, 10, 35, 0, 0),
(270, 11, 35, 0, 0),
(271, 13, 35, 0, 0),
(272, 14, 35, 0, 0),
(273, 2, 36, 0, 0),
(274, 4, 36, 0, 0),
(275, 5, 36, 0, 0),
(276, 7, 36, 0, 0),
(277, 10, 36, 0, 0),
(278, 11, 36, 0, 0),
(279, 13, 36, 0, 0),
(280, 14, 36, 0, 0),
(281, 2, 37, 0, 0),
(282, 4, 37, 0, 0),
(283, 5, 37, 0, 0),
(284, 7, 37, 0, 0),
(285, 10, 37, 0, 0),
(286, 11, 37, 0, 0),
(287, 13, 37, 0, 0),
(288, 14, 37, 0, 0),
(289, 2, 38, 0, 0),
(290, 4, 38, 0, 0),
(291, 5, 38, 0, 0),
(292, 7, 38, 0, 0),
(293, 10, 38, 0, 0),
(294, 11, 38, 0, 0),
(295, 13, 38, 0, 0),
(296, 14, 38, 0, 0),
(297, 2, 39, 0, 0),
(298, 4, 39, 0, 0),
(299, 5, 39, 0, 0),
(300, 7, 39, 0, 0),
(301, 10, 39, 0, 0),
(302, 11, 39, 0, 0),
(303, 13, 39, 0, 0),
(304, 14, 39, 0, 0),
(305, 2, 40, 1, 0),
(306, 4, 40, 1, 0),
(307, 5, 40, 1, 0),
(308, 7, 40, 1, 0),
(309, 10, 40, 1, 0),
(310, 11, 40, 1, 0),
(311, 13, 40, 1, 0),
(312, 14, 40, 1, 0),
(313, 2, 41, 1, 0),
(314, 4, 41, 1, 0),
(315, 5, 41, 1, 0),
(316, 7, 41, 1, 0),
(317, 10, 41, 1, 0),
(318, 11, 41, 1, 0),
(319, 13, 41, 1, 0),
(320, 14, 41, 1, 0),
(321, 2, 42, 1, 0),
(322, 4, 42, 1, 0),
(323, 5, 42, 1, 0),
(324, 7, 42, 1, 0),
(325, 10, 42, 1, 0),
(326, 11, 42, 1, 0),
(327, 13, 42, 1, 0),
(328, 14, 42, 1, 0),
(329, 2, 43, 4, 0),
(330, 4, 43, 4, 0),
(331, 5, 43, 4, 0),
(332, 7, 43, 4, 0),
(333, 10, 43, 4, 0),
(334, 11, 43, 4, 0),
(335, 13, 43, 4, 0),
(336, 14, 43, 4, 0),
(337, 2, 44, 0, 0),
(338, 4, 44, 0, 0),
(339, 5, 44, 0, 0),
(340, 7, 44, 0, 0),
(341, 10, 44, 0, 0),
(342, 11, 44, 0, 0),
(343, 13, 44, 0, 0),
(344, 14, 44, 0, 0),
(345, 2, 45, 0, 0),
(346, 4, 45, 0, 0),
(347, 5, 45, 0, 0),
(348, 7, 45, 0, 0),
(349, 10, 45, 0, 0),
(350, 11, 45, 0, 0),
(351, 13, 45, 0, 0),
(352, 14, 45, 0, 0),
(353, 2, 46, 0, 0),
(354, 4, 46, 0, 0),
(355, 5, 46, 0, 0),
(356, 7, 46, 0, 0),
(357, 10, 46, 0, 0),
(358, 11, 46, 0, 0),
(359, 13, 46, 0, 0),
(360, 14, 46, 0, 0),
(361, 2, 47, 0, 0),
(362, 4, 47, 0, 0),
(363, 5, 47, 0, 0),
(364, 7, 47, 0, 0),
(365, 10, 47, 0, 0),
(366, 11, 47, 0, 0),
(367, 13, 47, 0, 0),
(368, 14, 47, 0, 0),
(369, 2, 49, 0, 0),
(370, 4, 49, 0, 0),
(371, 5, 49, 0, 0),
(372, 7, 49, 0, 0),
(373, 10, 49, 0, 0),
(374, 11, 49, 0, 0),
(375, 13, 49, 0, 0),
(376, 14, 49, 0, 0),
(377, 2, 48, 0, 0),
(378, 4, 48, 0, 0),
(379, 5, 48, 0, 0),
(380, 7, 48, 0, 0),
(381, 10, 48, 0, 0),
(382, 11, 48, 0, 0),
(383, 13, 48, 0, 0),
(384, 14, 48, 0, 0),
(385, 24, 12, 50000000, 0),
(386, 24, 29, 0, 0),
(387, 22, 43, 4, 0),
(388, 22, 4, 3, 0),
(389, 22, 38, 0, 0),
(390, 22, 33, 0, 0),
(391, 22, 39, 0, 0),
(392, 22, 31, 1, 0),
(393, 22, 44, 0, 0),
(394, 23, 43, 4, 0),
(395, 23, 4, 3, 0),
(396, 23, 38, 0, 0),
(397, 23, 33, 0, 0),
(398, 23, 39, 0, 0),
(399, 23, 31, 1, 0),
(400, 23, 44, 0, 0),
(401, 24, 43, 4, 0),
(402, 24, 4, 3, 0),
(403, 24, 38, 0, 0),
(404, 24, 33, 0, 0),
(405, 24, 39, 0, 0),
(406, 24, 31, 1, 0),
(407, 24, 44, 0, 0),
(408, 22, 1, 0, 0),
(409, 22, 45, 0, 0),
(410, 22, 46, 0, 0),
(411, 22, 47, 0, 0),
(412, 22, 48, 0, 0),
(413, 22, 49, 0, 0),
(414, 23, 1, 0, 0),
(415, 23, 45, 0, 0),
(416, 23, 46, 0, 0),
(417, 23, 47, 0, 0),
(418, 23, 48, 0, 0),
(419, 23, 49, 0, 0),
(420, 24, 1, 0, 0),
(421, 24, 45, 0, 0),
(422, 24, 46, 0, 0),
(423, 24, 47, 0, 0),
(424, 24, 48, 0, 0),
(425, 24, 49, 0, 0),
(426, 27, 12, 50000000, 0),
(427, 27, 29, 0, 0),
(428, 22, 12, 50000000, 0),
(429, 22, 29, 0, 0),
(430, 22, 32, 0, 0),
(431, 23, 12, 50000000, 0),
(432, 23, 29, 0, 0),
(433, 23, 32, 0, 0),
(434, 24, 32, 0, 0),
(435, 25, 12, 50000000, 0),
(436, 25, 29, 0, 0),
(437, 25, 1, 0, 0),
(438, 25, 32, 0, 0),
(439, 26, 12, 50000000, 0),
(440, 26, 29, 0, 0),
(441, 26, 1, 0, 0),
(442, 26, 32, 0, 0),
(443, 27, 1, 0, 0),
(444, 27, 32, 0, 0),
(445, 25, 43, 4, 0),
(446, 25, 4, 3, 0),
(447, 25, 38, 0, 0),
(448, 25, 33, 0, 0),
(449, 25, 39, 0, 0),
(450, 25, 31, 1, 0),
(451, 25, 44, 0, 0),
(452, 26, 43, 4, 0),
(453, 26, 4, 3, 0),
(454, 26, 38, 0, 0),
(455, 26, 33, 0, 0),
(456, 26, 39, 0, 0),
(457, 26, 31, 1, 0),
(458, 26, 44, 0, 0),
(459, 27, 43, 4, 0),
(460, 27, 4, 3, 0),
(461, 27, 38, 0, 0),
(462, 27, 33, 0, 0),
(463, 27, 39, 0, 0),
(464, 27, 31, 1, 0),
(465, 27, 44, 0, 0),
(466, 25, 45, 0, 0),
(467, 25, 46, 0, 0),
(468, 25, 47, 0, 0),
(469, 25, 48, 0, 0),
(470, 25, 49, 0, 0),
(471, 26, 45, 0, 0),
(472, 26, 46, 0, 0),
(473, 26, 47, 0, 0),
(474, 26, 48, 0, 0),
(475, 26, 49, 0, 0),
(476, 27, 45, 0, 0),
(477, 27, 46, 0, 0),
(478, 27, 47, 0, 0),
(479, 27, 48, 0, 0),
(480, 27, 49, 0, 0),
(481, 26, 9, 3, 0),
(482, 26, 34, 0, 0),
(483, 26, 36, 0, 0),
(484, 26, 15, 0, 0),
(485, 26, 35, 0, 0),
(486, 26, 37, 0, 0),
(487, 26, 40, 1, 0),
(488, 26, 41, 1, 0),
(489, 26, 42, 1, 0),
(490, 26, 11, 0.01, 0),
(491, 26, 14, 0.7, 0),
(492, 26, 21, 1, 0),
(493, 26, 17, 10, 0),
(494, 26, 18, 0, 0),
(495, 26, 19, 0, 0),
(496, 26, 20, 0, 0),
(497, 24, 17, 10, 0),
(498, 24, 18, 0, 0),
(499, 24, 19, 0, 0),
(500, 24, 20, 0, 0),
(501, 24, 13, 0, 0),
(502, 24, 22, 0, 0),
(503, 24, 24, 0, 0),
(504, 24, 30, 1, 0),
(505, 24, 14, 0.7, 0),
(506, 22, 9, 3, 0),
(507, 22, 34, 0, 0),
(508, 22, 36, 0, 0),
(509, 22, 40, 1, 0),
(510, 22, 41, 1, 0),
(511, 22, 42, 1, 0),
(512, 23, 9, 3, 0),
(513, 23, 34, 0, 0),
(514, 23, 36, 0, 0),
(515, 23, 40, 1, 0),
(516, 23, 41, 1, 0),
(517, 23, 42, 1, 0),
(518, 24, 9, 3, 0),
(519, 24, 34, 0, 0),
(520, 24, 36, 0, 0),
(521, 24, 40, 1, 0),
(522, 24, 41, 1, 0),
(523, 24, 42, 1, 0),
(524, 25, 9, 3, 0),
(525, 25, 34, 0, 0),
(526, 25, 36, 0, 0),
(527, 25, 40, 1, 0),
(528, 25, 41, 1, 0),
(529, 25, 42, 1, 0),
(530, 27, 9, 3, 0),
(531, 27, 34, 0, 0),
(532, 27, 36, 0, 0),
(533, 27, 40, 1, 0),
(534, 27, 41, 1, 0),
(535, 27, 42, 1, 0),
(536, 24, 15, 0, 0),
(537, 24, 35, 0, 0),
(538, 24, 37, 0, 0),
(539, 24, 11, 0.01, 0),
(540, 24, 21, 1, 0),
(541, 25, 15, 0, 0),
(542, 25, 35, 0, 0),
(543, 25, 37, 0, 0),
(544, 25, 11, 0.01, 0),
(545, 25, 14, 0.7, 0),
(546, 25, 21, 1, 0),
(547, 27, 14, 0.7, 0),
(548, 22, 17, 10, 0),
(549, 22, 18, 0, 0),
(550, 22, 19, 0, 0),
(551, 22, 20, 0, 0),
(552, 23, 17, 10, 0),
(553, 23, 18, 0, 0),
(554, 23, 19, 0, 0),
(555, 23, 20, 0, 0),
(556, 25, 17, 10, 0),
(557, 25, 18, 0, 0),
(558, 25, 19, 0, 0),
(559, 25, 20, 0, 0),
(560, 27, 17, 10, 0),
(561, 27, 18, 0, 0),
(562, 27, 19, 0, 0),
(563, 27, 20, 0, 0),
(564, 25, 13, 0, 0),
(565, 25, 22, 0, 0),
(566, 25, 24, 0, 0),
(567, 25, 30, 1, 0),
(568, 27, 15, 0, 0),
(569, 27, 35, 0, 0),
(570, 27, 37, 0, 0),
(571, 27, 11, 0.01, 0),
(572, 27, 21, 1, 0),
(573, 27, 13, 0, 0),
(574, 27, 22, 0, 0),
(575, 27, 24, 0, 0),
(576, 27, 30, 1, 0),
(577, 22, 2, 8, 0),
(578, 22, 3, 0, 0),
(579, 22, 5, 3, 0),
(580, 22, 6, 3, 0),
(581, 22, 7, 3, 0),
(582, 22, 8, 3, 0),
(583, 22, 11, 0.01, 0),
(584, 22, 13, 0, 0),
(585, 22, 14, 0.7, 0),
(586, 22, 15, 0, 0),
(587, 22, 16, 0, 0),
(588, 22, 21, 1, 0),
(589, 22, 22, 0, 0),
(590, 22, 23, 0.7, 0),
(591, 22, 24, 0, 0),
(592, 22, 25, 1000, 0),
(593, 22, 26, 1000, 0),
(594, 22, 27, 1000, 0),
(595, 22, 28, 1000, 0),
(596, 22, 30, 1, 0),
(597, 22, 35, 0, 0),
(598, 22, 37, 0, 0),
(599, 23, 2, 8, 0),
(600, 23, 3, 0, 0),
(601, 23, 5, 3, 0),
(602, 23, 6, 3, 0),
(603, 23, 7, 3, 0),
(604, 23, 8, 3, 0),
(605, 23, 11, 0.01, 0),
(606, 23, 13, 0, 0),
(607, 23, 14, 0.7, 0),
(608, 23, 15, 0, 0),
(609, 23, 16, 0, 0),
(610, 23, 21, 1, 0),
(611, 23, 22, 0, 0),
(612, 23, 23, 0.7, 0),
(613, 23, 24, 0, 0),
(614, 23, 25, 1000, 0),
(615, 23, 26, 1000, 0),
(616, 23, 27, 1000, 0),
(617, 23, 28, 1000, 0),
(618, 23, 30, 1, 0),
(619, 23, 35, 0, 0),
(620, 23, 37, 0, 0),
(621, 24, 2, 8, 0),
(622, 24, 3, 0, 0),
(623, 24, 5, 3, 0),
(624, 24, 6, 3, 0),
(625, 24, 7, 3, 0),
(626, 24, 8, 3, 0),
(627, 24, 16, 0, 0),
(628, 24, 23, 0.7, 0),
(629, 24, 25, 1000, 0),
(630, 24, 26, 1000, 0),
(631, 24, 27, 1000, 0),
(632, 24, 28, 1000, 0),
(633, 25, 2, 8, 0),
(634, 25, 3, 0, 0),
(635, 25, 5, 3, 0),
(636, 25, 6, 3, 0),
(637, 25, 7, 3, 0),
(638, 25, 8, 3, 0),
(639, 25, 16, 0, 0),
(640, 25, 23, 0.7, 0),
(641, 25, 25, 1000, 0),
(642, 25, 26, 1000, 0),
(643, 25, 27, 1000, 0),
(644, 25, 28, 1000, 0),
(645, 26, 2, 8, 0),
(646, 26, 3, 0, 0),
(647, 26, 5, 3, 0),
(648, 26, 6, 3, 0),
(649, 26, 7, 3, 0),
(650, 26, 8, 3, 0),
(651, 26, 13, 0, 0),
(652, 26, 16, 0, 0),
(653, 26, 22, 0, 0),
(654, 26, 23, 0.7, 0),
(655, 26, 24, 0, 0),
(656, 26, 25, 1000, 0),
(657, 26, 26, 1000, 0),
(658, 26, 27, 1000, 0),
(659, 26, 28, 1000, 0),
(660, 26, 30, 1, 0),
(661, 27, 2, 8, 0),
(662, 27, 3, 0, 0),
(663, 27, 5, 3, 0),
(664, 27, 6, 3, 0),
(665, 27, 7, 3, 0),
(666, 27, 8, 3, 0),
(667, 27, 16, 0, 0),
(668, 27, 23, 0.7, 0),
(669, 27, 25, 1000, 0),
(670, 27, 26, 1000, 0),
(671, 27, 27, 1000, 0),
(672, 27, 28, 1000, 0);

-- --------------------------------------------------------

--
-- Table structure for table `failed_jobs`
--

DROP TABLE IF EXISTS `failed_jobs`;
CREATE TABLE IF NOT EXISTS `failed_jobs` (
  `id` bigint(20) UNSIGNED NOT NULL AUTO_INCREMENT,
  `uuid` varchar(191) COLLATE utf8mb4_unicode_ci NOT NULL,
  `connection` text COLLATE utf8mb4_unicode_ci NOT NULL,
  `queue` text COLLATE utf8mb4_unicode_ci NOT NULL,
  `payload` longtext COLLATE utf8mb4_unicode_ci NOT NULL,
  `exception` longtext COLLATE utf8mb4_unicode_ci NOT NULL,
  `failed_at` timestamp NOT NULL DEFAULT CURRENT_TIMESTAMP,
  PRIMARY KEY (`id`),
  UNIQUE KEY `failed_jobs_uuid_unique` (`uuid`)
) ENGINE=MyISAM AUTO_INCREMENT=224 DEFAULT CHARSET=utf8mb4 COLLATE=utf8mb4_unicode_ci;

-- --------------------------------------------------------

--
-- Table structure for table `game_settings`
--

DROP TABLE IF EXISTS `game_settings`;
CREATE TABLE IF NOT EXISTS `game_settings` (
  `id` bigint(20) UNSIGNED NOT NULL AUTO_INCREMENT,
  `name` varchar(191) COLLATE utf8mb4_unicode_ci NOT NULL,
  `code` varchar(191) COLLATE utf8mb4_unicode_ci NOT NULL,
  `value` varchar(191) COLLATE utf8mb4_unicode_ci NOT NULL,
  `default_value` varchar(191) COLLATE utf8mb4_unicode_ci NOT NULL,
  `created_at` timestamp NULL DEFAULT NULL,
  `updated_at` timestamp NULL DEFAULT NULL,
  `type` varchar(191) COLLATE utf8mb4_unicode_ci NOT NULL DEFAULT 'float',
  PRIMARY KEY (`id`)
) ENGINE=MyISAM AUTO_INCREMENT=31 DEFAULT CHARSET=utf8mb4 COLLATE=utf8mb4_unicode_ci;

--
-- Dumping data for table `game_settings`
--

INSERT INTO `game_settings` (`id`, `name`, `code`, `value`, `default_value`, `created_at`, `updated_at`, `type`) VALUES
(2, 'Salaire employs niveau 1', 'salary_lv1', '30000', '30000', '2022-04-23 22:50:04', '2022-04-27 21:21:51', 'int'),
(3, 'Salaire employs niveau 2', 'salary_lv2', '60000', '60000', '2022-04-23 22:54:15', '2022-04-27 21:22:08', 'int'),
(4, 'Prix formation', 'workshop_price', '30000', '30000', '2022-04-23 23:27:32', '2022-04-24 06:50:15', 'int'),
(5, 'Coefficient prime', 'bonus_coeff', '2', '2', '2022-04-23 23:27:53', '2022-04-25 03:34:29', 'float'),
(6, 'Seuil humeur pour quitter', 'mood_quitting_threshold', '0.25', '0.25', '2022-04-23 23:28:20', '2022-04-27 21:23:27', 'float'),
(7, 'Probabilit de dmission', 'quitting_prob', '0.1', '0.1', '2022-04-23 23:29:40', '2022-04-24 06:50:13', 'float'),
(8, 'Probabilit d\'embaucher', 'hiring_prob', '0.8', '0.8', '2022-04-23 23:30:56', '2022-04-24 06:50:07', 'float'),
(9, 'Vitesse rduction humeur employs', 'workers_mood_decay_rate', '0.05', '0.05', '2022-04-23 23:32:02', '2022-05-11 17:08:16', 'float'),
(10, 'Prix machines niveau 1', 'machines_lv1_price', '500000', '500000', '2022-04-23 23:32:30', '2022-05-11 21:18:13', 'int'),
(11, 'Prix machines niveau 2', 'machines_lv2_price', '1250000', '1250000', '2022-04-23 23:32:51', '2022-05-11 21:18:13', 'int'),
(12, 'Prix machines niveau 3', 'machines_lv3_price', '2500000', '2500000', '2022-04-23 23:33:38', '2022-05-11 21:18:13', 'int'),
(13, 'Vitesse machines niveau 1', 'machines_lv1_speed', '1', '1', '2022-04-23 23:34:03', '2022-04-24 06:50:09', 'float'),
(14, 'Vitesse machines niveau 2', 'machines_lv2_speed', '2.5', '2.5', '2022-04-23 23:34:17', '2022-05-05 13:37:28', 'float'),
(15, 'Vitesse machines niveau 3', 'machines_lv3_speed', '7', '7', '2022-04-23 23:34:30', '2022-05-05 13:38:00', 'float'),
(16, 'Pollution machines niveau 1', 'machines_lv1_pollution', '3', '3', '2022-04-23 23:35:08', '2022-04-24 06:50:08', 'float'),
(17, 'Pollution machines niveau 2', 'machines_lv2_pollution', '2', '2', '2022-04-23 23:35:31', '2022-04-24 06:50:09', 'float'),
(18, 'Pollution machines niveau 3', 'machines_lv3_pollution', '1', '1', '2022-04-23 23:35:53', '2022-04-24 06:50:11', 'float'),
(19, 'Durabilit machines niveau 1', 'machines_lv1_durability', '0.25', '0.25', '2022-04-23 23:36:40', '2022-05-07 10:18:31', 'float'),
(20, 'Durabilit machines niveau 2', 'machines_lv2_durability', '0.125', '0.125', '2022-04-23 23:37:00', '2022-04-24 06:50:09', 'float'),
(21, 'Durabilit machines niveau 3', 'machines_lv3_durability', '0.0416', '0.0416', '2022-04-23 23:38:46', '2022-04-24 06:50:10', 'float'),
(22, 'Cout unitaire de distribution', 'dist_unit_cost', '5', '5', '2022-04-23 23:39:56', '2022-04-24 06:50:07', 'float'),
(23, 'Cout unitaire pollution', 'pollution_unit_cost', '1000', '1000', '2022-04-23 23:40:20', '2022-04-24 06:50:12', 'float'),
(24, 'Prix de la manutention des MP', 'mp_stock_price', '2.5', '2.5', '2022-04-23 23:41:09', '2022-04-24 06:50:12', 'float'),
(25, 'Simulation en cours ?', 'game_started', '0', '0', '2022-04-23 23:41:29', '2022-05-11 19:50:19', 'bool'),
(26, 'Semaine dbut de simulation', 'start_date', '1', '1', '2022-04-23 23:42:50', '2022-04-24 06:50:14', 'int'),
(27, 'Semaine courante de la simulation', 'current_date', '1', '1', '2022-04-23 23:43:28', '2022-05-11 21:18:03', 'int'),
(28, 'Afficher le score finale', 'show_final_score', '0', '0', '2022-04-23 23:43:53', '2022-04-24 06:50:14', 'bool'),
(29, 'Population', 'population', '1000000', '1000000', '2022-04-27 20:11:28', '2022-04-27 20:11:28', 'float'),
(30, 'Pourcentage taxe CA', 'ca_tax_percent', '0.1', '0.1', '2022-05-04 12:07:27', '2022-05-11 17:08:02', 'float');

-- --------------------------------------------------------

--
-- Table structure for table `indicators`
--

DROP TABLE IF EXISTS `indicators`;
CREATE TABLE IF NOT EXISTS `indicators` (
  `id` bigint(20) UNSIGNED NOT NULL AUTO_INCREMENT,
  `name` varchar(191) COLLATE utf8mb4_unicode_ci NOT NULL,
  `code` varchar(191) COLLATE utf8mb4_unicode_ci NOT NULL,
  `created_at` timestamp NULL DEFAULT NULL,
  `updated_at` timestamp NULL DEFAULT NULL,
  `starting_value` double NOT NULL DEFAULT '0',
  `is_financial` tinyint(1) NOT NULL DEFAULT '0',
  PRIMARY KEY (`id`)
) ENGINE=MyISAM AUTO_INCREMENT=50 DEFAULT CHARSET=utf8mb4 COLLATE=utf8mb4_unicode_ci;

--
-- Dumping data for table `indicators`
--

INSERT INTO `indicators` (`id`, `name`, `code`, `created_at`, `updated_at`, `starting_value`, `is_financial`) VALUES
(1, 'Chiffre d\'Affaire', 'ca', NULL, '2022-05-07 10:09:43', 0, 1),
(2, 'Nombre d\'Employs', 'nb_workers', NULL, '2021-04-10 20:05:34', 8, 0),
(3, 'Part du March', 'market_share', NULL, NULL, 0, 1),
(4, 'Employs - Niveau 1', 'nb_workers_lv1', NULL, '2022-05-07 10:15:26', 3, 0),
(5, 'Employs - Approvisionnement', 'nb_workers_approv', NULL, NULL, 3, 0),
(6, 'Employs - RH', 'nb_workers_rh', NULL, NULL, 3, 0),
(7, 'Employs - Marketing', 'nb_workers_marketing', NULL, NULL, 3, 0),
(8, 'Employs - Finance', 'nb_workers_finance', NULL, NULL, 3, 0),
(9, 'Machines - Niveau 1', 'nb_machines_lv1', NULL, '2022-05-07 10:13:07', 3, 0),
(11, 'Taux de Rebut', 'reject_rate', '2021-04-01 15:15:42', '2021-04-08 15:26:17', 0.01, 0),
(12, 'Disponibilit', 'caisse', '2021-04-02 21:13:50', '2022-05-07 01:26:06', 50000000, 1),
(13, 'Coefficients de Production', 'prod_cost', '2021-04-02 21:14:13', '2021-04-02 21:14:27', 0, 1),
(14, 'Coefficient de Productivit', 'productivity_coeff', '2021-04-02 22:26:45', '2021-04-11 13:01:30', 0.7, 0),
(15, 'Machines Occupes - Niveau 1', 'nb_machines_lv1_busy', '2021-04-04 07:06:58', '2021-04-04 07:06:58', 0, 0),
(16, 'Machines en Pannes', 'failed_machines', '2021-04-04 07:10:02', '2021-04-04 07:10:02', 0, 0),
(17, 'Nombre d\'Abonns', 'nb_subscribers', '2021-04-04 19:07:15', '2021-04-04 19:12:27', 10, 0),
(18, 'Prsence RSS', 'social_presence', '2021-04-04 19:07:43', '2021-04-04 19:07:43', 0, 0),
(19, 'Prsence sur les Mdias', 'media_presence', '2021-04-04 19:07:59', '2021-04-04 19:07:59', 0, 0),
(20, 'Prsence aux vnements', 'events_presence', '2021-04-04 19:08:37', '2021-04-11 13:01:01', 0, 0),
(21, 'Coefficient Unitaire de Distribution', 'dist_unit_cost', '2021-04-04 21:20:08', '2021-04-04 21:20:08', 1, 0),
(22, 'Coefficients de Distribution', 'dist_cost', '2021-04-04 21:44:24', '2021-04-04 21:44:24', 0, 1),
(23, 'Fiabilit des Machines', 'machines_health', '2021-04-06 18:09:23', '2021-04-06 18:38:06', 0.7, 0),
(24, 'Coefficients de Matire Premire', 'raw_materials_cost', '2021-04-07 11:23:36', '2021-04-07 11:23:36', 0, 1),
(25, 'Chiffre d\'Affaires du Produit 1', 'ca_1', '2021-04-07 17:43:42', '2021-04-10 11:23:24', 1000, 0),
(26, 'Chiffre d\'Affaires du Produit 2', 'ca_2', '2021-04-07 17:43:51', '2021-04-10 11:23:15', 1000, 0),
(27, 'Chiffre d\'Affaires du Produit 3', 'ca_3', '2021-04-07 17:44:03', '2021-04-10 11:23:08', 1000, 0),
(28, 'Chiffre d\'Affaires du Produit 4', 'ca_4', '2021-04-07 17:44:17', '2021-04-10 11:22:52', 1000, 0),
(29, 'Dettes', 'dettes', '2021-04-07 23:09:45', '2021-04-07 23:09:45', 0, 1),
(30, 'Taux d\'endettement', 'debt_ratio', '2021-04-08 10:35:35', '2021-04-08 10:35:35', 1, 0),
(31, 'Humeur des employs', 'workers_mood', '2021-04-08 10:35:53', '2022-05-07 16:58:55', 1, 0),
(32, 'Score Finale', 'score_final', '2021-04-10 22:18:01', '2021-04-10 22:18:01', 0, 0),
(33, 'Employs Occups - Niveau 1', 'nb_workers_lv1_busy', '2022-03-11 01:27:02', '2022-03-11 01:27:02', 0, 0),
(34, 'Machines - Niveau 2', 'nb_machines_lv2', '2022-03-12 01:56:50', '2022-03-12 01:56:50', 0, 0),
(35, 'Machines Occupes - Niveau 2', 'nb_machines_lv2_busy', '2022-03-12 01:57:16', '2022-03-12 01:57:16', 0, 0),
(36, 'Machines - Niveau 3', 'nb_machines_lv3', '2022-03-12 01:57:46', '2022-03-12 01:57:46', 0, 0),
(37, 'Machines Occupes - Niveau 3', 'nb_machines_lv3_busy', '2022-03-12 01:58:01', '2022-03-12 01:58:11', 0, 0),
(38, 'Employs - Niveau 2', 'nb_workers_lv2', '2022-03-12 02:02:04', '2022-03-12 02:02:04', 0, 0),
(39, 'Employs Occups - Niveau 2', 'nb_workers_lv2_busy', '2022-03-12 02:02:25', '2022-03-12 02:02:25', 0, 0),
(40, 'Sant machines - Niveau 1', 'machines_lv1_health', '2022-03-13 23:48:15', '2022-03-13 23:48:15', 1, 0),
(41, 'Sant machines - Niveau 2', 'machines_lv2_health', '2022-03-13 23:48:44', '2022-03-13 23:48:44', 1, 0),
(42, 'Sant machines - Niveau 3', 'machines_lv3_health', '2022-03-13 23:49:01', '2022-03-13 23:49:01', 1, 0),
(43, '5S - Semaine', '5s_day', '2022-03-15 00:08:07', '2022-03-15 00:08:07', 4, 0),
(44, 'Nombre employs  embaucher', 'nb_workers_to_hire', '2022-03-16 18:02:51', '2022-03-16 18:02:51', 0, 0),
(45, 'Galettes', 'ca_5', '2022-04-25 01:36:50', '2022-05-07 10:11:53', 0, 0),
(46, 'Cookies', 'ca_6', '2022-04-25 01:37:22', '2022-05-07 10:11:39', 0, 0),
(47, 'Sandwich glac', 'ca_7', '2022-04-25 01:37:33', '2022-05-07 10:11:16', 0, 0),
(48, 'Crales', 'ca_8', '2022-04-25 01:37:44', '2022-05-07 10:10:21', 0, 0),
(49, 'Granola', 'ca_9', '2022-04-25 01:37:54', '2022-05-07 10:10:10', 0, 0);

-- --------------------------------------------------------

--
-- Table structure for table `jobs`
--

DROP TABLE IF EXISTS `jobs`;
CREATE TABLE IF NOT EXISTS `jobs` (
  `id` bigint(20) UNSIGNED NOT NULL AUTO_INCREMENT,
  `queue` varchar(191) COLLATE utf8mb4_unicode_ci NOT NULL,
  `payload` longtext COLLATE utf8mb4_unicode_ci NOT NULL,
  `attempts` tinyint(3) UNSIGNED NOT NULL,
  `reserved_at` int(10) UNSIGNED DEFAULT NULL,
  `available_at` int(10) UNSIGNED NOT NULL,
  `created_at` int(10) UNSIGNED NOT NULL,
  PRIMARY KEY (`id`),
  KEY `jobs_queue_index` (`queue`)
) ENGINE=MyISAM DEFAULT CHARSET=utf8mb4 COLLATE=utf8mb4_unicode_ci;

-- --------------------------------------------------------

--
-- Table structure for table `loans`
--

DROP TABLE IF EXISTS `loans`;
CREATE TABLE IF NOT EXISTS `loans` (
  `id` bigint(20) UNSIGNED NOT NULL AUTO_INCREMENT,
  `created_at` timestamp NULL DEFAULT NULL,
  `updated_at` timestamp NULL DEFAULT NULL,
  `banker_id` bigint(20) UNSIGNED NOT NULL,
  `entreprise_id` bigint(20) UNSIGNED NOT NULL,
  `amount` bigint(20) DEFAULT NULL,
  `status` varchar(191) COLLATE utf8mb4_unicode_ci NOT NULL,
  `ratio` decimal(8,2) DEFAULT NULL,
  `payment_status` tinyint(1) DEFAULT NULL,
  `remaining_amount` bigint(20) DEFAULT NULL,
  `creation_date` int(11) NOT NULL,
  `deadline` int(10) UNSIGNED DEFAULT NULL,
  `days` int(10) UNSIGNED DEFAULT NULL,
  PRIMARY KEY (`id`),
  KEY `loans_entreprise_id_foreign` (`entreprise_id`),
  KEY `loans_banker_id_foreign` (`banker_id`)
) ENGINE=MyISAM AUTO_INCREMENT=558 DEFAULT CHARSET=utf8mb4 COLLATE=utf8mb4_unicode_ci;

-- --------------------------------------------------------

--
-- Table structure for table `migrations`
--

DROP TABLE IF EXISTS `migrations`;
CREATE TABLE IF NOT EXISTS `migrations` (
  `id` int(10) UNSIGNED NOT NULL AUTO_INCREMENT,
  `migration` varchar(191) COLLATE utf8mb4_unicode_ci NOT NULL,
  `batch` int(11) NOT NULL,
  PRIMARY KEY (`id`)
) ENGINE=MyISAM AUTO_INCREMENT=71 DEFAULT CHARSET=utf8mb4 COLLATE=utf8mb4_unicode_ci;

--
-- Dumping data for table `migrations`
--

INSERT INTO `migrations` (`id`, `migration`, `batch`) VALUES
(1, '2014_10_12_000000_create_users_table', 1),
(2, '2014_10_12_100000_create_password_resets_table', 1),
(3, '2018_01_01_000000_create_action_events_table', 1),
(4, '2019_05_10_000000_add_fields_to_action_events_table', 1),
(5, '2019_08_13_000000_create_nova_settings_table', 1),
(6, '2019_08_19_000000_create_failed_jobs_table', 1),
(7, '2021_02_15_000000_update_nova_settings_value_column', 1),
(8, '2021_03_17_134930_create_entreprises_table', 1),
(9, '2021_03_17_141654_create_departments_table', 1),
(10, '2021_03_18_141210_create_indicators_table', 1),
(11, '2021_03_18_144511_create_entreprise_indicator_table', 1),
(12, '2021_03_20_151356_add_type_in_users_table', 1),
(13, '2021_03_20_194240_create_products_table', 1),
(14, '2021_03_20_194334_create_raw_materials_table', 1),
(15, '2021_03_20_194822_create_raw_materials_products', 1),
(16, '2021_03_20_195301_create_raw_materials_stock', 1),
(17, '2021_03_20_201201_create_stock', 1),
(18, '2021_03_20_214540_add_image_to_department', 1),
(19, '2021_03_21_131711_create_commands_table', 1),
(20, '2021_03_21_230831_add_ddl_rate_suppliers', 1),
(21, '2021_03_23_225106_create_loans_table', 1),
(22, '2021_03_24_222032_add_status_commands', 1),
(23, '2021_03_30_161838_create_ads', 1),
(24, '2021_03_31_104122_add_pricee_info_products', 1),
(25, '2021_03_31_210528_alter_indicators_table', 1),
(26, '2021_04_01_151511_add_costs_to_products', 1),
(27, '2021_04_02_103712_add_demand_to_products', 1),
(28, '2021_04_02_103834_create_production_table', 1),
(29, '2021_04_02_111607_create_product_stock_table', 1),
(30, '2021_04_02_192832_add_ad_coef_into_products_table', 1),
(31, '2021_04_02_214448_add_cost_percent_to_productions', 1),
(32, '2021_04_02_215429_add_dates_to_ads_table', 1),
(33, '2021_04_06_193345_change_indicator_starting_value_type', 1),
(34, '2021_04_06_220606_add_ratio_to_loans_table', 1),
(35, '2021_04_07_182212_create_daily_stats_table', 1),
(36, '2021_04_07_232438_edit_ads_table', 1),
(37, '2021_04_08_114020_alter_entrep_ind', 1),
(38, '2021_04_08_181321_add_date_to_multiple_tables', 1),
(39, '2021_04_08_214310_add_deadline_in_loans_table', 1),
(40, '2021_04_08_224909_add_command_day_prod_command', 1),
(41, '2021_04_09_002920_add_description_to_products', 1),
(42, '2021_04_09_122215_change_pk_commands', 1),
(43, '2021_04_09_184736_change_products_raw_materials_table', 1),
(44, '2021_04_09_214220_add_days_to_loans_table', 1),
(45, '2022_03_03_174357_create_jobs_table', 1),
(46, '2022_03_12_201816_add_machines_workers_to_productions_table', 1),
(47, '2022_03_14_025525_add_volume_to_raw_materials_table', 1),
(48, '2022_03_30_231424_create_suppliers_table', 1),
(49, '2022_03_31_002815_create_raw_material_supplier_table', 1),
(50, '2022_03_31_205535_add_time_to_ship_to_commands', 1),
(51, '2022_04_01_203402_edit_products_table', 1),
(52, '2022_04_01_211139_add_unit_prod_price_to_products_table', 1),
(53, '2022_04_02_153104_edit_raw_material_supplier_table', 1),
(54, '2022_04_05_171032_create_notifications_table', 1),
(55, '2022_04_17_045958_update_ads_table', 1),
(56, '2022_04_18_181955_change_amount_type_in_loans_table', 1),
(57, '2022_04_18_223550_change_amount_type_in_ads_table', 1),
(58, '2022_04_19_010559_add_icon_to_products_table', 1),
(59, '2022_04_19_013058_add_quantity_selling_to_stock_table', 1),
(60, '2022_04_19_141216_add_dist_cost_to_products_table', 1),
(61, '2022_04_20_182350_edit_types_in_commands_table', 1),
(62, '2022_04_20_185336_edit_types_in_productions_table', 1),
(63, '2022_04_20_191320_drop_columns_from_productions_table', 1),
(64, '2022_04_23_232507_create_game_settings_table', 2),
(65, '2022_04_24_024516_add_type_to_game_settings_table', 3),
(66, '2022_04_24_075514_add_icon_to_raw_materials_table', 4),
(69, '2022_04_27_060531_create_stats_table', 5),
(70, '2022_04_27_214954_add_percent_population_to_products_table', 5);

-- --------------------------------------------------------

--
-- Table structure for table `notifications`
--

DROP TABLE IF EXISTS `notifications`;
CREATE TABLE IF NOT EXISTS `notifications` (
  `id` bigint(20) UNSIGNED NOT NULL AUTO_INCREMENT,
  `entreprise_id` int(11) NOT NULL,
  `text` varchar(10000) COLLATE utf8mb4_unicode_ci NOT NULL,
  `title` varchar(191) COLLATE utf8mb4_unicode_ci NOT NULL,
  `icon_path` varchar(191) COLLATE utf8mb4_unicode_ci NOT NULL,
  `read` tinyint(1) NOT NULL DEFAULT '0',
  `type` varchar(191) COLLATE utf8mb4_unicode_ci NOT NULL DEFAULT 'info',
  `time` int(11) NOT NULL,
  `created_at` timestamp NULL DEFAULT NULL,
  `updated_at` timestamp NULL DEFAULT NULL,
  PRIMARY KEY (`id`)
) ENGINE=MyISAM AUTO_INCREMENT=53209 DEFAULT CHARSET=utf8mb4 COLLATE=utf8mb4_unicode_ci;

-- --------------------------------------------------------

--
-- Table structure for table `nova_settings`
--

DROP TABLE IF EXISTS `nova_settings`;
CREATE TABLE IF NOT EXISTS `nova_settings` (
  `key` varchar(191) COLLATE utf8mb4_unicode_ci NOT NULL,
  `value` text COLLATE utf8mb4_unicode_ci,
  PRIMARY KEY (`key`)
) ENGINE=MyISAM DEFAULT CHARSET=utf8mb4 COLLATE=utf8mb4_unicode_ci;

--
-- Dumping data for table `nova_settings`
--

INSERT INTO `nova_settings` (`key`, `value`) VALUES
('bonus_coeff', '2'),
('bonus_percent', '0.1'),
('current_date', '5014'),
('dist_unit_cost', '5'),
('game_started', '1'),
('hiring_prob', '0.8'),
('machines_lv1_durability', '0.05'),
('machines_lv1_pollution', '3'),
('machines_lv1_price', '40000'),
('machines_lv1_speed', '1'),
('machines_lv2_durability', '0.03'),
('machines_lv2_pollution', '2'),
('machines_lv2_price', '60000'),
('machines_lv2_speed', '2'),
('machines_lv3_durability', '0.01'),
('machines_lv3_pollution', '1'),
('machines_lv3_price', '80000'),
('machines_lv3_speed', '3'),
('mood_quitting_threshold', '0.2'),
('mp_stock_price', '2.5'),
('pollution_unit_cost', '1000'),
('production_percentage_to_sell', '0.2'),
('quitting_prob', '0'),
('salary_lv1', '1000'),
('salary_lv2', '2500'),
('salary_production', '25000'),
('show_final_score', '0'),
('start_date', '1'),
('workers_mood_decay_rate', '0.2'),
('workshop_price', '9000'),
('texttext', 'AAA');

-- --------------------------------------------------------

--
-- Table structure for table `password_resets`
--

DROP TABLE IF EXISTS `password_resets`;
CREATE TABLE IF NOT EXISTS `password_resets` (
  `email` varchar(191) COLLATE utf8mb4_unicode_ci NOT NULL,
  `token` varchar(191) COLLATE utf8mb4_unicode_ci NOT NULL,
  `created_at` timestamp NULL DEFAULT NULL,
  KEY `password_resets_email_index` (`email`)
) ENGINE=MyISAM DEFAULT CHARSET=utf8mb4 COLLATE=utf8mb4_unicode_ci;

-- --------------------------------------------------------

--
-- Table structure for table `productions`
--

DROP TABLE IF EXISTS `productions`;
CREATE TABLE IF NOT EXISTS `productions` (
  `id` bigint(20) UNSIGNED NOT NULL AUTO_INCREMENT,
  `entreprise_id` bigint(20) UNSIGNED NOT NULL,
  `product_id` bigint(20) UNSIGNED NOT NULL,
  `quantity` int(11) NOT NULL,
  `finish_date` int(11) NOT NULL,
  `status` varchar(191) COLLATE utf8mb4_unicode_ci NOT NULL,
  `creation_date` int(11) NOT NULL DEFAULT '0',
  `machines_lv1` int(11) NOT NULL,
  `machines_lv2` int(11) NOT NULL,
  `machines_lv3` int(11) NOT NULL,
  `workers_lv1` int(11) NOT NULL,
  `workers_lv2` int(11) NOT NULL,
  PRIMARY KEY (`id`),
  KEY `productions_entreprise_id_foreign` (`entreprise_id`),
  KEY `productions_product_id_foreign` (`product_id`)
) ENGINE=MyISAM AUTO_INCREMENT=892 DEFAULT CHARSET=utf8mb4 COLLATE=utf8mb4_unicode_ci;

-- --------------------------------------------------------

--
-- Table structure for table `products`
--

DROP TABLE IF EXISTS `products`;
CREATE TABLE IF NOT EXISTS `products` (
  `id` bigint(20) UNSIGNED NOT NULL AUTO_INCREMENT,
  `created_at` timestamp NULL DEFAULT NULL,
  `updated_at` timestamp NULL DEFAULT NULL,
  `name` varchar(191) COLLATE utf8mb4_unicode_ci NOT NULL,
  `price_min` int(11) NOT NULL DEFAULT '0',
  `price_max` int(11) DEFAULT NULL,
  `avg_demand` int(11) NOT NULL DEFAULT '10000',
  `left_demand` int(11) NOT NULL DEFAULT '10000',
  `ad_coef` double(8,2) NOT NULL DEFAULT '1.00',
  `description` text COLLATE utf8mb4_unicode_ci NOT NULL,
  `prod_speed_factor` double(8,2) NOT NULL,
  `unit_prod_price` double(8,2) NOT NULL,
  `icon` varchar(300) COLLATE utf8mb4_unicode_ci NOT NULL DEFAULT '',
  `dist_cost` int(11) NOT NULL DEFAULT '0',
  `percent_population` double(8,2) NOT NULL DEFAULT '0.00',
  PRIMARY KEY (`id`)
) ENGINE=MyISAM AUTO_INCREMENT=10 DEFAULT CHARSET=utf8mb4 COLLATE=utf8mb4_unicode_ci;

--
-- Dumping data for table `products`
--

INSERT INTO `products` (`id`, `created_at`, `updated_at`, `name`, `price_min`, `price_max`, `avg_demand`, `left_demand`, `ad_coef`, `description`, `prod_speed_factor`, `unit_prod_price`, `icon`, `dist_cost`, `percent_population`) VALUES
(5, '2022-04-24 07:08:22', '2022-05-07 11:55:14', 'Galettes', 75, 105, 202447, 202447, 1.00, 'Galettes  la base du bl qui conviennent tous les jours, un produit simple mais un got unique.', 1.00, 26.00, '/assets/galettes.jpg', 0, 0.10),
(6, '2022-04-24 07:11:41', '2022-05-07 11:55:42', 'Cookies', 110, 140, 148461, 148461, 1.00, 'Des cookies croustillants et savoureux,incontournables pour les gourmets .', 0.54, 20.00, '/assets/cookies.png', 0, 0.50),
(7, '2022-04-24 07:15:21', '2022-05-07 11:56:39', 'Sandwich glac', 260, 330, 103923, 103923, 1.00, 'Sandwiches: si c\'est l\'t,Oubliez les pots et les cornets c\'est le moment pour les sandwiches glacs qui combinent entre la croustillance des biscuits et le plaisir des glaces.', 0.39, 10.00, '/assets/sandwich.png', 0, 0.00),
(8, '2022-04-24 07:18:16', '2022-05-07 11:56:57', 'Crales', 300, 375, 44538, 44538, 1.00, 'Des crales riches en saveur et ingrdients, un bon plan pour bien commencer la journe !', 0.35, 15.00, '/assets/cereale.png', 0, 0.30),
(9, '2022-04-24 07:21:00', '2022-05-07 11:57:15', 'Granola', 600, 700, 13496, 13496, 1.00, 'Granola:un produit  de luxe ddi aux gens qui cherchent un bon got accompagn d\'une meilleure qualit.', 0.12, 15.00, '/assets/granola.png', 0, 0.10);

-- --------------------------------------------------------

--
-- Table structure for table `product_stock`
--

DROP TABLE IF EXISTS `product_stock`;
CREATE TABLE IF NOT EXISTS `product_stock` (
  `id` bigint(20) UNSIGNED NOT NULL AUTO_INCREMENT,
  `created_at` timestamp NULL DEFAULT NULL,
  `updated_at` timestamp NULL DEFAULT NULL,
  `entreprise_id` int(11) NOT NULL,
  `product_id` int(11) NOT NULL,
  `quantity` int(11) NOT NULL,
  `phase` int(11) NOT NULL,
  PRIMARY KEY (`id`)
) ENGINE=MyISAM DEFAULT CHARSET=utf8mb4 COLLATE=utf8mb4_unicode_ci;

-- --------------------------------------------------------

--
-- Table structure for table `raw_materials`
--

DROP TABLE IF EXISTS `raw_materials`;
CREATE TABLE IF NOT EXISTS `raw_materials` (
  `id` bigint(20) UNSIGNED NOT NULL AUTO_INCREMENT,
  `created_at` timestamp NULL DEFAULT NULL,
  `updated_at` timestamp NULL DEFAULT NULL,
  `price` double(8,2) DEFAULT NULL,
  `unit` varchar(191) COLLATE utf8mb4_unicode_ci DEFAULT NULL,
  `name` varchar(191) COLLATE utf8mb4_unicode_ci NOT NULL,
  `volume` int(11) NOT NULL,
  `icon` varchar(191) COLLATE utf8mb4_unicode_ci NOT NULL DEFAULT '',
  PRIMARY KEY (`id`)
) ENGINE=MyISAM AUTO_INCREMENT=10 DEFAULT CHARSET=utf8mb4 COLLATE=utf8mb4_unicode_ci;

--
-- Dumping data for table `raw_materials`
--

INSERT INTO `raw_materials` (`id`, `created_at`, `updated_at`, `price`, `unit`, `name`, `volume`, `icon`) VALUES
(1, '2021-04-09 10:20:43', '2022-04-27 23:21:04', 70.00, 'Kg', 'Sucre', 2, '/assets/icons/sugar.svg'),
(2, '2021-04-09 10:21:22', '2022-04-27 23:21:01', 30.00, 'Kg', 'Emballage (Carton / Alumnium)', 3, '/assets/icons/emballage.svg'),
(3, '2021-04-09 10:21:58', '2022-04-27 23:20:53', 500.00, 'Kg', 'Additifs Alimentaires', 1, '/assets/icons/additives.svg'),
(4, '2021-04-09 16:30:59', '2022-04-27 23:20:45', 50.00, 'Kg', 'Bl', 1, '/assets/icons/breakfast.svg'),
(5, '2022-04-20 10:29:42', '2022-04-27 23:20:36', 900.00, 'Kg', 'Poudre de Lait', 1, '/assets/icons/milk.svg'),
(6, '2022-04-20 10:31:40', '2022-04-27 23:20:07', 750.00, 'Kg', 'Beurre', 1, '/assets/icons/butter.svg'),
(7, '2022-04-20 10:32:34', '2022-04-27 23:19:59', 1300.00, 'Kg', 'Fruits', 1, '/assets/icons/fruits.svg'),
(8, '2022-04-20 10:33:49', '2022-04-27 23:19:52', 400.00, 'Kg', 'Flocons d\'Avoine', 1, '/assets/icons/flocans.svg'),
(9, '2022-04-20 10:34:41', '2022-04-27 23:19:14', 900.00, 'Kg', 'Chocolat', 1, '/assets/icons/chocolate.svg');

-- --------------------------------------------------------

--
-- Table structure for table `raw_materials_products`
--

DROP TABLE IF EXISTS `raw_materials_products`;
CREATE TABLE IF NOT EXISTS `raw_materials_products` (
  `product_id` bigint(20) UNSIGNED NOT NULL,
  `raw_material_id` bigint(20) UNSIGNED NOT NULL,
  `quantity` double DEFAULT NULL,
  PRIMARY KEY (`product_id`,`raw_material_id`),
  KEY `raw_materials_products_raw_material_id_foreign` (`raw_material_id`)
) ENGINE=MyISAM DEFAULT CHARSET=utf8mb4 COLLATE=utf8mb4_unicode_ci;

--
-- Dumping data for table `raw_materials_products`
--

INSERT INTO `raw_materials_products` (`product_id`, `raw_material_id`, `quantity`) VALUES
(1, 1, 8.5),
(1, 2, 30),
(1, 3, 0.6),
(1, 4, 0.45),
(2, 1, 29),
(2, 2, 60),
(2, 3, 2),
(3, 1, 5),
(3, 2, 20),
(4, 1, 12),
(4, 2, 40),
(4, 3, 0.9),
(4, 4, 0.5),
(5, 3, 2),
(5, 1, 5),
(5, 4, 270),
(5, 6, 40),
(5, 2, 10),
(6, 3, 2),
(6, 1, 5),
(6, 4, 150),
(6, 6, 40),
(6, 9, 45),
(6, 2, 10),
(7, 3, 2),
(7, 1, 15.2),
(7, 4, 16),
(7, 5, 125),
(7, 6, 25),
(7, 9, 50),
(7, 2, 10),
(8, 3, 15),
(8, 1, 12),
(8, 4, 200),
(8, 6, 60),
(8, 9, 200),
(8, 2, 50),
(9, 3, 15),
(9, 1, 100),
(9, 7, 180),
(9, 8, 250),
(9, 2, 50);

-- --------------------------------------------------------

--
-- Table structure for table `raw_materials_stock`
--

DROP TABLE IF EXISTS `raw_materials_stock`;
CREATE TABLE IF NOT EXISTS `raw_materials_stock` (
  `entreprise_id` bigint(20) UNSIGNED NOT NULL,
  `raw_material_id` bigint(20) UNSIGNED NOT NULL,
  `quantity` double(8,2) NOT NULL,
  `unit` varchar(191) COLLATE utf8mb4_unicode_ci DEFAULT NULL,
  `phase` int(11) NOT NULL DEFAULT '0',
  PRIMARY KEY (`entreprise_id`,`raw_material_id`,`phase`),
  KEY `raw_materials_stock_raw_material_id_foreign` (`raw_material_id`)
) ENGINE=MyISAM DEFAULT CHARSET=utf8mb4 COLLATE=utf8mb4_unicode_ci;

--
-- Dumping data for table `raw_materials_stock`
--

INSERT INTO `raw_materials_stock` (`entreprise_id`, `raw_material_id`, `quantity`, `unit`, `phase`) VALUES
(2, 1, 13720.00, NULL, 0),
(2, 2, 13000.00, NULL, 0),
(2, 3, 3600.00, NULL, 0),
(2, 4, 63600.00, NULL, 0),
(2, 5, 12500.00, NULL, 0),
(2, 6, 16500.00, NULL, 0),
(2, 7, 18000.00, NULL, 0),
(2, 8, 25000.00, NULL, 0),
(2, 9, 29500.00, NULL, 0),
(4, 1, 13720.00, NULL, 0),
(4, 2, 13000.00, NULL, 0),
(4, 3, 3600.00, NULL, 0),
(4, 4, 63600.00, NULL, 0),
(4, 6, 16500.00, NULL, 0),
(4, 5, 12500.00, NULL, 0),
(4, 7, 18000.00, NULL, 0),
(4, 8, 25000.00, NULL, 0),
(4, 9, 29500.00, NULL, 0),
(5, 1, 13720.00, NULL, 0),
(5, 2, 13000.00, NULL, 0),
(5, 3, 3600.00, NULL, 0),
(5, 4, 63600.00, NULL, 0),
(5, 5, 12500.00, NULL, 0),
(5, 6, 16500.00, NULL, 0),
(5, 7, 18000.00, NULL, 0),
(5, 8, 25000.00, NULL, 0),
(5, 9, 29500.00, NULL, 0),
(7, 1, 13720.00, NULL, 0),
(7, 2, 13000.00, NULL, 0),
(7, 3, 3600.00, NULL, 0),
(7, 4, 63600.00, NULL, 0),
(7, 5, 12500.00, NULL, 0),
(7, 6, 16500.00, NULL, 0),
(7, 7, 18000.00, NULL, 0),
(7, 8, 25000.00, NULL, 0),
(7, 9, 29500.00, NULL, 0),
(10, 1, 13720.00, NULL, 0),
(10, 2, 13000.00, NULL, 0),
(10, 3, 3600.00, NULL, 0),
(10, 4, 63600.00, NULL, 0),
(10, 5, 12500.00, NULL, 0),
(10, 6, 16500.00, NULL, 0),
(10, 7, 18000.00, NULL, 0),
(10, 8, 25000.00, NULL, 0),
(10, 9, 29500.00, NULL, 0),
(11, 1, 13720.00, NULL, 0),
(11, 2, 13000.00, NULL, 0),
(11, 3, 3600.00, NULL, 0),
(11, 4, 63600.00, NULL, 0),
(11, 5, 12500.00, NULL, 0),
(11, 6, 16500.00, NULL, 0),
(11, 7, 18000.00, NULL, 0),
(11, 8, 25000.00, NULL, 0),
(11, 9, 29500.00, NULL, 0),
(13, 1, 13720.00, NULL, 0),
(13, 2, 13000.00, NULL, 0),
(13, 3, 3600.00, NULL, 0),
(13, 4, 63600.00, NULL, 0),
(13, 5, 12500.00, NULL, 0),
(13, 6, 16500.00, NULL, 0),
(13, 7, 18000.00, NULL, 0),
(13, 8, 25000.00, NULL, 0),
(13, 9, 29500.00, NULL, 0),
(14, 1, 13720.00, NULL, 0),
(14, 2, 13000.00, NULL, 0),
(14, 3, 3600.00, NULL, 0),
(14, 4, 63600.00, NULL, 0),
(14, 5, 12500.00, NULL, 0),
(14, 6, 16500.00, NULL, 0),
(14, 7, 18000.00, NULL, 0),
(14, 8, 25000.00, NULL, 0),
(14, 9, 29500.00, NULL, 0),
(25, 6, 16500.00, NULL, 0),
(22, 1, 13720.00, NULL, 0),
(22, 2, 13000.00, NULL, 0),
(22, 3, 3600.00, NULL, 0),
(22, 4, 63600.00, NULL, 0),
(22, 5, 12500.00, NULL, 0),
(22, 6, 16500.00, NULL, 0),
(22, 7, 18000.00, NULL, 0),
(22, 8, 25000.00, NULL, 0),
(22, 9, 29500.00, NULL, 0),
(23, 1, 13720.00, NULL, 0),
(23, 2, 13000.00, NULL, 0),
(23, 3, 3600.00, NULL, 0),
(23, 4, 63600.00, NULL, 0),
(23, 5, 12500.00, NULL, 0),
(23, 6, 16500.00, NULL, 0),
(23, 7, 18000.00, NULL, 0),
(23, 8, 25000.00, NULL, 0),
(23, 9, 29500.00, NULL, 0),
(24, 1, 13720.00, NULL, 0),
(24, 2, 13000.00, NULL, 0),
(24, 3, 3600.00, NULL, 0),
(24, 4, 63600.00, NULL, 0),
(24, 5, 12500.00, NULL, 0),
(24, 6, 16500.00, NULL, 0),
(24, 7, 18000.00, NULL, 0),
(24, 8, 25000.00, NULL, 0),
(24, 9, 29500.00, NULL, 0),
(27, 8, 25000.00, NULL, 0),
(27, 9, 29500.00, NULL, 0),
(27, 7, 18000.00, NULL, 0),
(27, 6, 16500.00, NULL, 0),
(27, 1, 13720.00, NULL, 0),
(27, 3, 3600.00, NULL, 0),
(27, 2, 13000.00, NULL, 0),
(27, 4, 63600.00, NULL, 0),
(27, 5, 12500.00, NULL, 0),
(25, 1, 13720.00, NULL, 0),
(25, 2, 13000.00, NULL, 0),
(25, 3, 3600.00, NULL, 0),
(25, 4, 63600.00, NULL, 0),
(25, 5, 12500.00, NULL, 0),
(25, 7, 18000.00, NULL, 0),
(25, 8, 25000.00, NULL, 0),
(25, 9, 29500.00, NULL, 0),
(26, 1, 13720.00, NULL, 0),
(26, 2, 13000.00, NULL, 0),
(26, 3, 3600.00, NULL, 0),
(26, 4, 63600.00, NULL, 0),
(26, 5, 12500.00, NULL, 0),
(26, 6, 16500.00, NULL, 0),
(26, 7, 18000.00, NULL, 0),
(26, 8, 25000.00, NULL, 0),
(26, 9, 29500.00, NULL, 0);

-- --------------------------------------------------------

--
-- Table structure for table `raw_material_supplier`
--

DROP TABLE IF EXISTS `raw_material_supplier`;
CREATE TABLE IF NOT EXISTS `raw_material_supplier` (
  `raw_material_id` bigint(20) UNSIGNED NOT NULL,
  `supplier_id` bigint(20) UNSIGNED NOT NULL,
  `price_factor` double(8,2) NOT NULL,
  `time_to_deliver` int(11) NOT NULL,
  `created_at` timestamp NULL DEFAULT NULL,
  `updated_at` timestamp NULL DEFAULT NULL,
  `is_available` tinyint(1) NOT NULL DEFAULT '1',
  KEY `raw_material_supplier_raw_material_id_foreign` (`raw_material_id`),
  KEY `raw_material_supplier_supplier_id_foreign` (`supplier_id`)
) ENGINE=MyISAM DEFAULT CHARSET=utf8mb4 COLLATE=utf8mb4_unicode_ci;

--
-- Dumping data for table `raw_material_supplier`
--

INSERT INTO `raw_material_supplier` (`raw_material_id`, `supplier_id`, `price_factor`, `time_to_deliver`, `created_at`, `updated_at`, `is_available`) VALUES
(1, 1, 1.00, 3, NULL, NULL, 1),
(2, 1, 1.00, 3, NULL, NULL, 1),
(4, 1, 1.00, 3, NULL, NULL, 1),
(5, 1, 1.00, 3, NULL, NULL, 1),
(6, 1, 1.00, 3, NULL, NULL, 1),
(7, 1, 1.00, 3, NULL, NULL, 1),
(8, 1, 1.00, 3, NULL, NULL, 1),
(9, 1, 1.00, 3, NULL, NULL, 1),
(3, 1, 1.00, 3, NULL, NULL, 1),
(3, 2, 0.80, 6, NULL, NULL, 1),
(6, 2, 0.80, 6, NULL, NULL, 1),
(4, 2, 0.80, 6, NULL, NULL, 1),
(9, 2, 0.80, 6, NULL, NULL, 1),
(2, 2, 0.80, 6, NULL, NULL, 1),
(8, 2, 0.80, 6, NULL, NULL, 1),
(7, 2, 0.80, 6, NULL, NULL, 1),
(5, 2, 0.80, 6, NULL, NULL, 1),
(1, 2, 0.80, 6, NULL, NULL, 1);

-- --------------------------------------------------------

--
-- Table structure for table `stats`
--

DROP TABLE IF EXISTS `stats`;
CREATE TABLE IF NOT EXISTS `stats` (
  `id` bigint(20) UNSIGNED NOT NULL AUTO_INCREMENT,
  `entreprise_id` int(11) NOT NULL,
  `indicator` varchar(191) COLLATE utf8mb4_unicode_ci NOT NULL,
  `value` varchar(191) COLLATE utf8mb4_unicode_ci NOT NULL,
  `date` int(11) NOT NULL,
  PRIMARY KEY (`id`)
) ENGINE=MyISAM AUTO_INCREMENT=144750 DEFAULT CHARSET=utf8mb4 COLLATE=utf8mb4_unicode_ci;

-- --------------------------------------------------------

--
-- Table structure for table `stock`
--

DROP TABLE IF EXISTS `stock`;
CREATE TABLE IF NOT EXISTS `stock` (
  `entreprise_id` bigint(20) UNSIGNED NOT NULL,
  `product_id` bigint(20) UNSIGNED NOT NULL,
  `quantity` double(8,2) NOT NULL,
  `phase` int(11) NOT NULL DEFAULT '0',
  `quantity_selling` bigint(20) NOT NULL DEFAULT '0',
  `price` double(8,2) NOT NULL,
  PRIMARY KEY (`entreprise_id`,`product_id`,`phase`),
  KEY `stock_product_id_foreign` (`product_id`)
) ENGINE=MyISAM DEFAULT CHARSET=utf8mb4 COLLATE=utf8mb4_unicode_ci;

--
-- Dumping data for table `stock`
--

INSERT INTO `stock` (`entreprise_id`, `product_id`, `quantity`, `phase`, `quantity_selling`, `price`) VALUES
(2, 7, 0.00, 0, 0, 295.00),
(2, 8, 0.00, 0, 0, 337.50),
(4, 5, 0.00, 0, 0, 90.00),
(2, 6, 0.00, 0, 0, 125.00),
(2, 5, 0.00, 0, 0, 90.00),
(2, 9, 0.00, 0, 0, 650.00),
(4, 6, 0.00, 0, 0, 125.00),
(4, 7, 0.00, 0, 0, 295.00),
(4, 8, 0.00, 0, 0, 337.50),
(4, 9, 0.00, 0, 0, 650.00),
(5, 5, 0.00, 0, 0, 90.00),
(5, 6, 0.00, 0, 0, 125.00),
(5, 7, 0.00, 0, 0, 295.00),
(5, 8, 0.00, 0, 0, 337.50),
(5, 9, 0.00, 0, 0, 650.00),
(7, 5, 0.00, 0, 0, 90.00),
(7, 6, 0.00, 0, 0, 125.00),
(7, 7, 0.00, 0, 0, 295.00),
(7, 8, 0.00, 0, 0, 337.50),
(7, 9, 0.00, 0, 0, 650.00),
(10, 5, 0.00, 0, 0, 90.00),
(10, 6, 0.00, 0, 0, 125.00),
(10, 7, 0.00, 0, 0, 295.00),
(10, 8, 0.00, 0, 0, 337.50),
(10, 9, 0.00, 0, 0, 650.00),
(11, 5, 0.00, 0, 0, 90.00),
(11, 6, 0.00, 0, 0, 125.00),
(11, 7, 0.00, 0, 0, 295.00),
(11, 8, 0.00, 0, 0, 337.50),
(11, 9, 0.00, 0, 0, 650.00),
(13, 5, 0.00, 0, 0, 90.00),
(13, 6, 0.00, 0, 0, 125.00),
(13, 7, 0.00, 0, 0, 295.00),
(13, 8, 0.00, 0, 0, 337.50),
(13, 9, 0.00, 0, 0, 650.00),
(14, 5, 0.00, 0, 0, 90.00),
(14, 6, 0.00, 0, 0, 125.00),
(14, 7, 0.00, 0, 0, 295.00),
(14, 8, 0.00, 0, 0, 337.50),
(14, 9, 0.00, 0, 0, 650.00),
(22, 5, 0.00, 0, 0, 90.00),
(22, 6, 0.00, 0, 0, 125.00),
(22, 7, 0.00, 0, 0, 295.00),
(22, 8, 0.00, 0, 0, 337.50),
(22, 9, 0.00, 0, 0, 650.00),
(23, 5, 0.00, 0, 0, 90.00),
(23, 6, 0.00, 0, 0, 125.00),
(23, 7, 0.00, 0, 0, 295.00),
(23, 8, 0.00, 0, 0, 337.50),
(23, 9, 0.00, 0, 0, 650.00),
(24, 5, 0.00, 0, 0, 90.00),
(24, 6, 0.00, 0, 0, 125.00),
(24, 7, 0.00, 0, 0, 295.00),
(24, 8, 0.00, 0, 0, 337.50),
(24, 9, 0.00, 0, 0, 650.00),
(27, 5, 0.00, 0, 0, 90.00),
(27, 8, 0.00, 0, 0, 337.50),
(27, 6, 0.00, 0, 0, 125.00),
(27, 9, 0.00, 0, 0, 650.00),
(27, 7, 0.00, 0, 0, 295.00),
(25, 5, 0.00, 0, 0, 90.00),
(25, 6, 0.00, 0, 0, 125.00),
(25, 7, 0.00, 0, 0, 295.00),
(25, 8, 0.00, 0, 0, 337.50),
(25, 9, 0.00, 0, 0, 650.00),
(26, 5, 0.00, 0, 0, 90.00),
(26, 6, 0.00, 0, 0, 125.00),
(26, 7, 0.00, 0, 0, 295.00),
(26, 8, 0.00, 0, 0, 337.50),
(26, 9, 0.00, 0, 0, 650.00);

-- --------------------------------------------------------

--
-- Table structure for table `suppliers`
--

DROP TABLE IF EXISTS `suppliers`;
CREATE TABLE IF NOT EXISTS `suppliers` (
  `id` bigint(20) UNSIGNED NOT NULL AUTO_INCREMENT,
  `name` varchar(191) COLLATE utf8mb4_unicode_ci NOT NULL,
  `foreign` tinyint(1) NOT NULL,
  `created_at` timestamp NULL DEFAULT NULL,
  `updated_at` timestamp NULL DEFAULT NULL,
  PRIMARY KEY (`id`)
) ENGINE=MyISAM AUTO_INCREMENT=3 DEFAULT CHARSET=utf8mb4 COLLATE=utf8mb4_unicode_ci;

--
-- Dumping data for table `suppliers`
--

INSERT INTO `suppliers` (`id`, `name`, `foreign`, `created_at`, `updated_at`) VALUES
(1, 'Supplier 1', 0, '2022-03-30 23:31:28', '2022-04-30 15:07:43'),
(2, 'Supplier 2', 0, '2022-04-30 15:14:23', '2022-04-30 15:14:23');

-- --------------------------------------------------------

--
-- Table structure for table `users`
--

DROP TABLE IF EXISTS `users`;
CREATE TABLE IF NOT EXISTS `users` (
  `id` bigint(20) UNSIGNED NOT NULL AUTO_INCREMENT,
  `name` varchar(191) COLLATE utf8mb4_unicode_ci NOT NULL,
  `email` varchar(191) COLLATE utf8mb4_unicode_ci NOT NULL,
  `email_verified_at` timestamp NULL DEFAULT NULL,
  `password` varchar(191) COLLATE utf8mb4_unicode_ci NOT NULL,
  `remember_token` varchar(100) COLLATE utf8mb4_unicode_ci DEFAULT NULL,
  `created_at` timestamp NULL DEFAULT NULL,
  `updated_at` timestamp NULL DEFAULT NULL,
  `type` varchar(191) COLLATE utf8mb4_unicode_ci DEFAULT NULL,
  `data` varchar(191) COLLATE utf8mb4_unicode_ci DEFAULT NULL,
  `rate` double(8,2) DEFAULT NULL,
  `ddl_min` double(8,2) DEFAULT NULL,
  `ddl_max` double(8,2) DEFAULT NULL,
  PRIMARY KEY (`id`),
  UNIQUE KEY `users_email_unique` (`email`)
) ENGINE=MyISAM AUTO_INCREMENT=28 DEFAULT CHARSET=utf8mb4 COLLATE=utf8mb4_unicode_ci;

--
-- Dumping data for table `users`
--

INSERT INTO `users` (`id`, `name`, `email`, `email_verified_at`, `password`, `remember_token`, `created_at`, `updated_at`, `type`, `data`, `rate`, `ddl_min`, `ddl_max`) VALUES
(1, 'Annis Admin', 'annis@bg.iec', NULL, '$2y$10$lVttiLQ4B3eCh8XTT5m9vuvdjANSSmbfUQnkJ0xq/PnCWreWUpmS2', NULL, '2021-04-11 07:51:46', '2022-02-24 11:01:39', 'admin', NULL, NULL, NULL, NULL),
(2, 'Le Wiki', 'lewiki@bg.iec', NULL, '$2y$10$IweRDZ44JsCGCKgJtGzALeWJ3Ts/c5AwGwASF8QeWRY5OkjPem7sa', 'HlJL4VDW115f6B7h15hDsG3VNpg7A50PSCdqmZ5vJiYVU5owY475G9dixYhh', '2021-04-11 07:56:09', '2022-05-11 19:54:35', 'entreprise', NULL, NULL, NULL, NULL),
(4, 'CTW', 'ctw@bg.iec', NULL, '$2y$10$AXayVt9ZGzF5Gsusg/I8IO6drRD1jpY4I9CYGYOAjszmI9xzu6d5O', 'ZYxZXPwwdmL065bhStisEuvla0Hh9KcL4n5UMOstIqh9770oFvPGKNSf4aTl', '2021-04-11 07:59:16', '2022-05-11 19:58:13', 'entreprise', NULL, NULL, NULL, NULL),
(5, 'quipe-A', 'equipea@bg.iec', NULL, '$2y$10$KGN3nyz.gchJeJZbyXNtFOavLTGjF6AvKK71r0iBnZwpKm3lsbe2e', '0QoPWgsn16fCJS4TunhKh9fqesihRKEcrpZZXMOTtaPWFLnn2cVkVKOJpwyy', '2021-04-11 07:59:42', '2022-05-11 19:58:46', 'entreprise', NULL, NULL, NULL, NULL),
(7, 'Astend\'s', 'astends@bg.iec', NULL, '$2y$10$v41TrPwh9I6cLdhj56dfeOqoRDL0JftagP7JJBaZMFl/wvnarCsSG', NULL, '2021-04-11 08:02:14', '2022-05-11 19:59:12', 'entreprise', NULL, NULL, NULL, NULL),
(10, 'Aymen', 'aymen@bg.iec', NULL, '$2y$10$CZucz6wh3kywYoD1SMKltu8ciVgel3ty8rGs7PeeGL8619gsbW2.2', NULL, '2021-04-11 08:05:39', '2022-02-24 11:26:46', 'entreprise', NULL, NULL, NULL, NULL),
(11, 'Durbin Watson', 'durbinwatson@bg.iec', NULL, '$2y$10$wRmFVTjX7.aUWPiXTTpFQeg8Alz4gDu0P8ou60BgtkXS12xQ2xCu.', NULL, '2021-04-11 08:06:16', '2022-05-11 20:00:17', 'entreprise', NULL, NULL, NULL, NULL),
(13, 'Stem\'s (3/1)', 'stems@bg.iec', NULL, '$2y$10$.GiUhfTgUySWDqo/M7ioMePXUtqMgP.ysV38I.0gjcQaNSi3r5ihe', '4zcOA28omBm432BjwKCZPC4jVFw1ffFqHhAXCFcuMP2mdhfWGHEwFf6IG8nP', '2021-04-11 08:09:44', '2022-05-11 20:01:15', 'entreprise', NULL, 1.08, 1.00, 3.00),
(14, 'ISSC', 'issc@bg.iec', NULL, '$2y$10$ecs0rH24aLSAkksqn5UhKOo2Kjmeql/GwTzMKcKc4Z.lRQqEFP4Ja', 'OekmFYKSZdmZbdUZ7NPzDTbm1T5wicWRqxJpnuga3Piy5OdSNwOnuMvT5GYJ', '2021-04-11 08:14:46', '2022-05-11 20:01:47', 'entreprise', NULL, 1.05, 2.00, 3.00),
(15, 'yousra', 'yousra@bg.iec', NULL, '$2y$10$Ow.Qsvrr2Z3mZyrCqIOmEuzhlFkKXt1L.VdRPmP3eRASt07VWiiJC', 'Z4zCqFeop0qHg19i76i1xexM4i2uGRHLGWfZTUWiaQ4gudV4ETegAmVLXajF', '2021-04-11 08:16:46', '2022-02-24 11:59:38', 'supplier', NULL, 1.00, 1.00, 4.00),
(19, 'ouassim', 'ouassim@bg.iec', NULL, '$2y$10$/z/wiYkUx3y/qSnO4z9WFejFAJbbWyltRZCUnk/q.oaGrp7suMlGC', NULL, '2022-02-24 12:00:32', '2022-02-24 13:31:59', 'supplier', NULL, 1.20, 1.00, 6.00),
(20, 'moncef', 'moncef@bg.iec', NULL, '$2y$10$ttAlYSQ1CLBFZTLWoxPHuOZCK.GVt.rtk9mZiEtHYKwgVtxuO7v32', NULL, '2022-02-28 15:21:26', '2022-02-28 15:21:26', 'admin', NULL, NULL, NULL, NULL),
(21, 'Rayane', 'rayane@bg.iec', NULL, '$2y$10$.NUKbwPgImNkVTSJ1cKhFuB9JtQioK6BMqnPTdTdYubz.fY4o9cp6', NULL, '2022-03-14 13:35:19', '2022-03-14 13:35:19', 'banker', NULL, NULL, NULL, NULL),
(22, 'Krieger', 'krieger@bg.iec', NULL, '$2y$10$G5mqjymxoUU.qQCq51WOgOpderOMU7wd243r900t6BrTo/xb2khMK', NULL, '2022-05-09 12:20:27', '2022-05-11 20:02:23', 'entreprise', NULL, NULL, NULL, NULL),
(23, 'The Mustekers', 'themustekers@bg.iec', NULL, '$2y$10$UOfZ5r2V7mrfhZbRnrY6YusC5OYkx5pe36nME5Mf6TaODOyRzSvDm', NULL, '2022-05-09 12:25:32', '2022-05-11 20:03:18', 'entreprise', NULL, NULL, NULL, NULL),
(24, 'samah', 'samah@bg.iec', NULL, '$2y$10$.6nBAtnouQIDieMXWh1CSuZqsG06W8QuRhlU/mpWsmZhS9xoRBztq', NULL, '2022-05-09 12:26:39', '2022-05-09 12:26:39', 'entreprise', NULL, NULL, NULL, NULL),
(25, 'CAP', 'cap@bg.iec', NULL, '$2y$10$i8mVBjiPvuj53mMQvZ7eYO2Felozq1m4za3mpPAE5kL94RVjE8DuO', NULL, '2022-05-09 12:37:42', '2022-05-11 20:03:45', 'entreprise', NULL, NULL, NULL, NULL);
COMMIT;

/*!40101 SET CHARACTER_SET_CLIENT=@OLD_CHARACTER_SET_CLIENT */;
/*!40101 SET CHARACTER_SET_RESULTS=@OLD_CHARACTER_SET_RESULTS */;
/*!40101 SET COLLATION_CONNECTION=@OLD_COLLATION_CONNECTION */;
